-- MariaDB dump 10.19  Distrib 10.4.32-MariaDB, for Win64 (AMD64)
--
-- Host: localhost    Database: daw2_2023_03_organizacion_torneos
-- ------------------------------------------------------
-- Server version	10.4.32-MariaDB

/*!40101 SET @OLD_CHARACTER_SET_CLIENT=@@CHARACTER_SET_CLIENT */;
/*!40101 SET @OLD_CHARACTER_SET_RESULTS=@@CHARACTER_SET_RESULTS */;
/*!40101 SET @OLD_COLLATION_CONNECTION=@@COLLATION_CONNECTION */;
/*!40101 SET NAMES utf8mb4 */;
/*!40103 SET @OLD_TIME_ZONE=@@TIME_ZONE */;
/*!40103 SET TIME_ZONE='+00:00' */;
/*!40014 SET @OLD_UNIQUE_CHECKS=@@UNIQUE_CHECKS, UNIQUE_CHECKS=0 */;
/*!40014 SET @OLD_FOREIGN_KEY_CHECKS=@@FOREIGN_KEY_CHECKS, FOREIGN_KEY_CHECKS=0 */;
/*!40101 SET @OLD_SQL_MODE=@@SQL_MODE, SQL_MODE='NO_AUTO_VALUE_ON_ZERO' */;
/*!40111 SET @OLD_SQL_NOTES=@@SQL_NOTES, SQL_NOTES=0 */;

--
-- Current Database: `daw2_2023_03_organizacion_torneos`
--

/*!40000 DROP DATABASE IF EXISTS `daw2_2023_03_organizacion_torneos`*/;

CREATE DATABASE /*!32312 IF NOT EXISTS*/ `daw2_2023_03_organizacion_torneos` /*!40100 DEFAULT CHARACTER SET utf8mb4 COLLATE utf8mb4_general_ci */;

USE `daw2_2023_03_organizacion_torneos`;

--
-- Table structure for table `auth_assignment`
--

DROP TABLE IF EXISTS `auth_assignment`;
/*!40101 SET @saved_cs_client     = @@character_set_client */;
/*!40101 SET character_set_client = utf8 */;
CREATE TABLE `auth_assignment` (
  `item_name` varchar(64) NOT NULL,
  `user_id` varchar(64) NOT NULL,
  `created_at` int(11) DEFAULT NULL,
  PRIMARY KEY (`item_name`,`user_id`),
  KEY `auth_assignment_user_id_idx` (`user_id`),
  CONSTRAINT `auth_assignment_ibfk_1` FOREIGN KEY (`item_name`) REFERENCES `auth_item` (`name`) ON DELETE CASCADE ON UPDATE CASCADE
) ENGINE=InnoDB DEFAULT CHARSET=utf8mb4 COLLATE=utf8mb4_general_ci;
/*!40101 SET character_set_client = @saved_cs_client */;

--
-- Dumping data for table `auth_assignment`
--

LOCK TABLES `auth_assignment` WRITE;
/*!40000 ALTER TABLE `auth_assignment` DISABLE KEYS */;
INSERT INTO `auth_assignment` VALUES ('admin','2',NULL),('gestor','4',NULL),('organizador','3',NULL),('participante','5',NULL),('sysadmin','1',NULL);
/*!40000 ALTER TABLE `auth_assignment` ENABLE KEYS */;
UNLOCK TABLES;

--
-- Table structure for table `auth_item`
--

DROP TABLE IF EXISTS `auth_item`;
/*!40101 SET @saved_cs_client     = @@character_set_client */;
/*!40101 SET character_set_client = utf8 */;
CREATE TABLE `auth_item` (
  `name` varchar(64) NOT NULL,
  `type` smallint(6) NOT NULL,
  `description` text DEFAULT NULL,
  `rule_name` varchar(64) DEFAULT NULL,
  `data` blob DEFAULT NULL,
  `created_at` int(11) DEFAULT NULL,
  `updated_at` int(11) DEFAULT NULL,
  PRIMARY KEY (`name`),
  KEY `rule_name` (`rule_name`),
  KEY `type` (`type`),
  CONSTRAINT `auth_item_ibfk_1` FOREIGN KEY (`rule_name`) REFERENCES `auth_rule` (`name`) ON DELETE SET NULL ON UPDATE CASCADE
) ENGINE=InnoDB DEFAULT CHARSET=utf8mb4 COLLATE=utf8mb4_general_ci;
/*!40101 SET character_set_client = @saved_cs_client */;

--
-- Dumping data for table `auth_item`
--

LOCK TABLES `auth_item` WRITE;
/*!40000 ALTER TABLE `auth_item` DISABLE KEYS */;
INSERT INTO `auth_item` VALUES ('admin',1,'Administrador del sistema',NULL,NULL,NULL,NULL),('gestor',1,'Usuario registrado que gestiona equipos',NULL,NULL,NULL,NULL),('organizador',1,'Usuario registrado que organiza torneos',NULL,NULL,NULL,NULL),('participante',1,'Usuario registrado que participa en torneos',NULL,NULL,NULL,NULL),('sysadmin',1,'Tiene acceso a absolutamente todo',NULL,NULL,NULL,NULL);
/*!40000 ALTER TABLE `auth_item` ENABLE KEYS */;
UNLOCK TABLES;

--
-- Table structure for table `auth_item_child`
--

DROP TABLE IF EXISTS `auth_item_child`;
/*!40101 SET @saved_cs_client     = @@character_set_client */;
/*!40101 SET character_set_client = utf8 */;
CREATE TABLE `auth_item_child` (
  `parent` varchar(64) NOT NULL,
  `child` varchar(64) NOT NULL,
  PRIMARY KEY (`parent`,`child`),
  KEY `child` (`child`),
  CONSTRAINT `auth_item_child_ibfk_1` FOREIGN KEY (`parent`) REFERENCES `auth_item` (`name`) ON DELETE CASCADE ON UPDATE CASCADE,
  CONSTRAINT `auth_item_child_ibfk_2` FOREIGN KEY (`child`) REFERENCES `auth_item` (`name`) ON DELETE CASCADE ON UPDATE CASCADE
) ENGINE=InnoDB DEFAULT CHARSET=utf8mb4 COLLATE=utf8mb4_general_ci;
/*!40101 SET character_set_client = @saved_cs_client */;

--
-- Dumping data for table `auth_item_child`
--

LOCK TABLES `auth_item_child` WRITE;
/*!40000 ALTER TABLE `auth_item_child` DISABLE KEYS */;
/*!40000 ALTER TABLE `auth_item_child` ENABLE KEYS */;
UNLOCK TABLES;

--
-- Table structure for table `auth_rule`
--

DROP TABLE IF EXISTS `auth_rule`;
/*!40101 SET @saved_cs_client     = @@character_set_client */;
/*!40101 SET character_set_client = utf8 */;
CREATE TABLE `auth_rule` (
  `name` varchar(64) NOT NULL,
  `data` blob DEFAULT NULL,
  `created_at` int(11) DEFAULT NULL,
  `updated_at` int(11) DEFAULT NULL,
  PRIMARY KEY (`name`)
) ENGINE=InnoDB DEFAULT CHARSET=utf8mb4 COLLATE=utf8mb4_general_ci;
/*!40101 SET character_set_client = @saved_cs_client */;

--
-- Dumping data for table `auth_rule`
--

LOCK TABLES `auth_rule` WRITE;
/*!40000 ALTER TABLE `auth_rule` DISABLE KEYS */;
/*!40000 ALTER TABLE `auth_rule` ENABLE KEYS */;
UNLOCK TABLES;

--
-- Table structure for table `categoria`
--

DROP TABLE IF EXISTS `categoria`;
/*!40101 SET @saved_cs_client     = @@character_set_client */;
/*!40101 SET character_set_client = utf8 */;
CREATE TABLE `categoria` (
  `id` bigint(20) NOT NULL AUTO_INCREMENT,
  `nombre` varchar(100) NOT NULL,
  `edad_min` int(11) NOT NULL,
  `edad_max` int(11) NOT NULL,
  PRIMARY KEY (`id`),
  UNIQUE KEY `nombre` (`nombre`)
) ENGINE=InnoDB AUTO_INCREMENT=4 DEFAULT CHARSET=utf8mb4 COLLATE=utf8mb4_general_ci;
/*!40101 SET character_set_client = @saved_cs_client */;

--
-- Dumping data for table `categoria`
--

LOCK TABLES `categoria` WRITE;
/*!40000 ALTER TABLE `categoria` DISABLE KEYS */;
INSERT INTO `categoria` VALUES (1,'Infantil',6,12),(2,'Juvenil',13,18),(3,'Adulto',19,99);
/*!40000 ALTER TABLE `categoria` ENABLE KEYS */;
UNLOCK TABLES;

--
-- Table structure for table `clase`
--

DROP TABLE IF EXISTS `clase`;
/*!40101 SET @saved_cs_client     = @@character_set_client */;
/*!40101 SET character_set_client = utf8 */;
CREATE TABLE `clase` (
  `id` bigint(20) NOT NULL AUTO_INCREMENT,
  `titulo` varchar(100) NOT NULL,
  `descripcion` varchar(1000) DEFAULT NULL,
  `imagen_id` bigint(20) DEFAULT NULL,
  PRIMARY KEY (`id`),
  KEY `imagen_id` (`imagen_id`),
  CONSTRAINT `clase_ibfk_1` FOREIGN KEY (`imagen_id`) REFERENCES `imagen` (`id`)
) ENGINE=InnoDB AUTO_INCREMENT=4 DEFAULT CHARSET=utf8mb4 COLLATE=utf8mb4_general_ci COMMENT='Por ej: Campeonato Nacional';
/*!40101 SET character_set_client = @saved_cs_client */;

--
-- Dumping data for table `clase`
--

LOCK TABLES `clase` WRITE;
/*!40000 ALTER TABLE `clase` DISABLE KEYS */;
INSERT INTO `clase` VALUES (1,'Campeonato Nacional','Torneo de alto nivel nacional',1),(2,'Torneo Local','Competición a nivel local',2),(3,'Copa Internacional','Torneo con equipos de diferentes países',3);
/*!40000 ALTER TABLE `clase` ENABLE KEYS */;
UNLOCK TABLES;

--
-- Table structure for table `direccion`
--

DROP TABLE IF EXISTS `direccion`;
/*!40101 SET @saved_cs_client     = @@character_set_client */;
/*!40101 SET character_set_client = utf8 */;
CREATE TABLE `direccion` (
  `id` bigint(20) NOT NULL AUTO_INCREMENT,
  `calle` varchar(100) NOT NULL,
  `numero` int(11) DEFAULT NULL,
  `cod_postal` int(11) NOT NULL,
  `ciudad` varchar(100) NOT NULL,
  `provincia` varchar(100) NOT NULL,
  `pais` varchar(100) NOT NULL,
  PRIMARY KEY (`id`)
) ENGINE=InnoDB AUTO_INCREMENT=6 DEFAULT CHARSET=utf8mb4 COLLATE=utf8mb4_general_ci;
/*!40101 SET character_set_client = @saved_cs_client */;

--
-- Dumping data for table `direccion`
--

LOCK TABLES `direccion` WRITE;
/*!40000 ALTER TABLE `direccion` DISABLE KEYS */;
INSERT INTO `direccion` VALUES (1,'Calle Principal',123,12345,'Ciudad A','Provincia X','País Y'),(2,'Avenida Secundaria',456,54321,'Ciudad B','Provincia Z','País W'),(3,'San Lázaro',20,49123,'Madrid','Madrid','España'),(4,'Gran Via de les Corts Catalanes',472,8015,'Barcelona','Barcelona','España'),(5,'d',54,534,'d','d','d');
/*!40000 ALTER TABLE `direccion` ENABLE KEYS */;
UNLOCK TABLES;

--
-- Table structure for table `disciplina`
--

DROP TABLE IF EXISTS `disciplina`;
/*!40101 SET @saved_cs_client     = @@character_set_client */;
/*!40101 SET character_set_client = utf8 */;
CREATE TABLE `disciplina` (
  `id` bigint(20) NOT NULL AUTO_INCREMENT,
  `nombre` varchar(100) NOT NULL,
  `descripcion` varchar(1000) DEFAULT NULL,
  PRIMARY KEY (`id`),
  UNIQUE KEY `nombre` (`nombre`)
) ENGINE=InnoDB AUTO_INCREMENT=4 DEFAULT CHARSET=utf8mb4 COLLATE=utf8mb4_general_ci COMMENT='Por ej si el torneo es de fútbol, baloncesto...';
/*!40101 SET character_set_client = @saved_cs_client */;

--
-- Dumping data for table `disciplina`
--

LOCK TABLES `disciplina` WRITE;
/*!40000 ALTER TABLE `disciplina` DISABLE KEYS */;
INSERT INTO `disciplina` VALUES (1,'Fútbol','Deporte de equipo con un balón'),(2,'Baloncesto','Deporte de equipo con una pelota naranja'),(3,'Tenis','Deporte de raqueta individual');
/*!40000 ALTER TABLE `disciplina` ENABLE KEYS */;
UNLOCK TABLES;

--
-- Table structure for table `documento`
--

DROP TABLE IF EXISTS `documento`;
/*!40101 SET @saved_cs_client     = @@character_set_client */;
/*!40101 SET character_set_client = utf8 */;
CREATE TABLE `documento` (
  `id` bigint(20) NOT NULL AUTO_INCREMENT,
  `ruta` varchar(250) NOT NULL,
  PRIMARY KEY (`id`),
  UNIQUE KEY `ruta` (`ruta`)
) ENGINE=InnoDB AUTO_INCREMENT=4 DEFAULT CHARSET=utf8mb4 COLLATE=utf8mb4_general_ci;
/*!40101 SET character_set_client = @saved_cs_client */;

--
-- Dumping data for table `documento`
--

LOCK TABLES `documento` WRITE;
/*!40000 ALTER TABLE `documento` DISABLE KEYS */;
INSERT INTO `documento` VALUES (1,'/documentos/doc1.pdf'),(2,'/documentos/doc2.pdf'),(3,'/documentos/doc3.pdf');
/*!40000 ALTER TABLE `documento` ENABLE KEYS */;
UNLOCK TABLES;

--
-- Table structure for table `equipo`
--

DROP TABLE IF EXISTS `equipo`;
/*!40101 SET @saved_cs_client     = @@character_set_client */;
/*!40101 SET character_set_client = utf8 */;
CREATE TABLE `equipo` (
  `id` bigint(20) NOT NULL AUTO_INCREMENT,
  `nombre` varchar(100) NOT NULL,
  `descripcion` varchar(10000) DEFAULT NULL,
  `licencia` varchar(250) NOT NULL COMMENT 'Numero de licencia',
  `categoria_id` bigint(20) NOT NULL,
  PRIMARY KEY (`id`),
  UNIQUE KEY `nombre` (`nombre`),
  UNIQUE KEY `licencia` (`licencia`),
  KEY `categoria_id` (`categoria_id`),
  CONSTRAINT `equipo_ibfk_1` FOREIGN KEY (`categoria_id`) REFERENCES `categoria` (`id`)
) ENGINE=InnoDB AUTO_INCREMENT=4 DEFAULT CHARSET=utf8mb4 COLLATE=utf8mb4_general_ci;
/*!40101 SET character_set_client = @saved_cs_client */;

--
-- Dumping data for table `equipo`
--

LOCK TABLES `equipo` WRITE;
/*!40000 ALTER TABLE `equipo` DISABLE KEYS */;
INSERT INTO `equipo` VALUES (1,'Equipo A','Descripción del Equipo A','ABC123',1),(2,'Equipo B','Descripción del Equipo B','XYZ789',2),(3,'Equipo C','Descripción del Equipo C','DEF456',3);
/*!40000 ALTER TABLE `equipo` ENABLE KEYS */;
UNLOCK TABLES;

--
-- Table structure for table `equipo_participante`
--

DROP TABLE IF EXISTS `equipo_participante`;
/*!40101 SET @saved_cs_client     = @@character_set_client */;
/*!40101 SET character_set_client = utf8 */;
CREATE TABLE `equipo_participante` (
  `equipo_id` bigint(20) NOT NULL,
  `participante_id` bigint(20) NOT NULL,
  PRIMARY KEY (`participante_id`,`equipo_id`),
  KEY `equipo_id` (`equipo_id`),
  CONSTRAINT `equipo_participante_ibfk_1` FOREIGN KEY (`equipo_id`) REFERENCES `equipo` (`id`),
  CONSTRAINT `equipo_participante_ibfk_2` FOREIGN KEY (`participante_id`) REFERENCES `participante` (`id`)
) ENGINE=InnoDB DEFAULT CHARSET=utf8mb4 COLLATE=utf8mb4_general_ci;
/*!40101 SET character_set_client = @saved_cs_client */;

--
-- Dumping data for table `equipo_participante`
--

LOCK TABLES `equipo_participante` WRITE;
/*!40000 ALTER TABLE `equipo_participante` DISABLE KEYS */;
INSERT INTO `equipo_participante` VALUES (1,1),(2,2),(3,3);
/*!40000 ALTER TABLE `equipo_participante` ENABLE KEYS */;
UNLOCK TABLES;

--
-- Table structure for table `imagen`
--

DROP TABLE IF EXISTS `imagen`;
/*!40101 SET @saved_cs_client     = @@character_set_client */;
/*!40101 SET character_set_client = utf8 */;
CREATE TABLE `imagen` (
  `id` bigint(20) NOT NULL AUTO_INCREMENT,
  `ruta` varchar(250) NOT NULL,
  PRIMARY KEY (`id`),
  UNIQUE KEY `ruta` (`ruta`)
) ENGINE=InnoDB AUTO_INCREMENT=4 DEFAULT CHARSET=utf8mb4 COLLATE=utf8mb4_general_ci;
/*!40101 SET character_set_client = @saved_cs_client */;

--
-- Dumping data for table `imagen`
--

LOCK TABLES `imagen` WRITE;
/*!40000 ALTER TABLE `imagen` DISABLE KEYS */;
INSERT INTO `imagen` VALUES (1,'/imagenes/img1.jpg'),(2,'/imagenes/img2.jpg'),(3,'/imagenes/img3.jpg');
/*!40000 ALTER TABLE `imagen` ENABLE KEYS */;
UNLOCK TABLES;

--
-- Table structure for table `log`
--

DROP TABLE IF EXISTS `log`;
/*!40101 SET @saved_cs_client     = @@character_set_client */;
/*!40101 SET character_set_client = utf8 */;
CREATE TABLE `log` (
  `id` int(11) NOT NULL AUTO_INCREMENT,
  `level` varchar(255) NOT NULL,
  `category` varchar(255) DEFAULT NULL,
  `log_time` timestamp NOT NULL DEFAULT current_timestamp() ON UPDATE current_timestamp(),
  `prefix` text DEFAULT NULL,
  `message` text DEFAULT NULL,
  PRIMARY KEY (`id`)
) ENGINE=InnoDB AUTO_INCREMENT=22531 DEFAULT CHARSET=utf8 COLLATE=utf8_general_ci;
/*!40101 SET character_set_client = @saved_cs_client */;

--
-- Dumping data for table `log`
--

LOCK TABLES `log` WRITE;
/*!40000 ALTER TABLE `log` DISABLE KEYS */;
INSERT INTO `log` VALUES (22247,'info','yii\\web\\Session::open','2024-01-09 21:23:59','[::1][-][-]','Session started'),(22248,'info','yii\\db\\Command::query','2024-01-09 21:23:59','[::1][-][-]','SHOW FULL COLUMNS FROM `pista`'),(22249,'info','yii\\db\\Connection::open','2024-01-09 21:23:59','[::1][-][-]','Opening DB connection: mysql:host=localhost;dbname=daw2_2023_03_organizacion_torneos'),(22250,'info','yii\\db\\Command::query','2024-01-09 21:23:59','[::1][-][-]','SELECT\r\n    `kcu`.`CONSTRAINT_NAME` AS `constraint_name`,\r\n    `kcu`.`COLUMN_NAME` AS `column_name`,\r\n    `kcu`.`REFERENCED_TABLE_NAME` AS `referenced_table_name`,\r\n    `kcu`.`REFERENCED_COLUMN_NAME` AS `referenced_column_name`\r\nFROM `information_schema`.`REFERENTIAL_CONSTRAINTS` AS `rc`\r\nJOIN `information_schema`.`KEY_COLUMN_USAGE` AS `kcu` ON\r\n    (\r\n        `kcu`.`CONSTRAINT_CATALOG` = `rc`.`CONSTRAINT_CATALOG` OR\r\n        (`kcu`.`CONSTRAINT_CATALOG` IS NULL AND `rc`.`CONSTRAINT_CATALOG` IS NULL)\r\n    ) AND\r\n    `kcu`.`CONSTRAINT_SCHEMA` = `rc`.`CONSTRAINT_SCHEMA` AND\r\n    `kcu`.`CONSTRAINT_NAME` = `rc`.`CONSTRAINT_NAME`\r\nWHERE `rc`.`CONSTRAINT_SCHEMA` = database() AND `kcu`.`TABLE_SCHEMA` = database()\r\nAND `rc`.`TABLE_NAME` = \'pista\' AND `kcu`.`TABLE_NAME` = \'pista\''),(22251,'info','yii\\db\\Command::query','2024-01-09 21:23:59','[::1][-][-]','SELECT COUNT(*) FROM `pista`'),(22252,'info','yii\\db\\Command::query','2024-01-09 21:23:59','[::1][-][-]','SELECT * FROM `pista` LIMIT 20'),(22253,'info','yii\\db\\Command::query','2024-01-09 21:23:59','[::1][-][-]','SELECT * FROM `direccion` WHERE `id`=1'),(22254,'info','yii\\db\\Command::query','2024-01-09 21:23:59','[::1][-][-]','SHOW FULL COLUMNS FROM `direccion`'),(22255,'info','yii\\db\\Command::query','2024-01-09 21:23:59','[::1][-][-]','SELECT\r\n    `kcu`.`CONSTRAINT_NAME` AS `constraint_name`,\r\n    `kcu`.`COLUMN_NAME` AS `column_name`,\r\n    `kcu`.`REFERENCED_TABLE_NAME` AS `referenced_table_name`,\r\n    `kcu`.`REFERENCED_COLUMN_NAME` AS `referenced_column_name`\r\nFROM `information_schema`.`REFERENTIAL_CONSTRAINTS` AS `rc`\r\nJOIN `information_schema`.`KEY_COLUMN_USAGE` AS `kcu` ON\r\n    (\r\n        `kcu`.`CONSTRAINT_CATALOG` = `rc`.`CONSTRAINT_CATALOG` OR\r\n        (`kcu`.`CONSTRAINT_CATALOG` IS NULL AND `rc`.`CONSTRAINT_CATALOG` IS NULL)\r\n    ) AND\r\n    `kcu`.`CONSTRAINT_SCHEMA` = `rc`.`CONSTRAINT_SCHEMA` AND\r\n    `kcu`.`CONSTRAINT_NAME` = `rc`.`CONSTRAINT_NAME`\r\nWHERE `rc`.`CONSTRAINT_SCHEMA` = database() AND `kcu`.`TABLE_SCHEMA` = database()\r\nAND `rc`.`TABLE_NAME` = \'direccion\' AND `kcu`.`TABLE_NAME` = \'direccion\''),(22256,'info','yii\\db\\Command::query','2024-01-09 21:23:59','[::1][-][-]','SELECT * FROM `disciplina` WHERE `id`=1'),(22257,'info','yii\\db\\Command::query','2024-01-09 21:23:59','[::1][-][-]','SHOW FULL COLUMNS FROM `disciplina`'),(22258,'info','yii\\db\\Command::query','2024-01-09 21:23:59','[::1][-][-]','SELECT\r\n    `kcu`.`CONSTRAINT_NAME` AS `constraint_name`,\r\n    `kcu`.`COLUMN_NAME` AS `column_name`,\r\n    `kcu`.`REFERENCED_TABLE_NAME` AS `referenced_table_name`,\r\n    `kcu`.`REFERENCED_COLUMN_NAME` AS `referenced_column_name`\r\nFROM `information_schema`.`REFERENTIAL_CONSTRAINTS` AS `rc`\r\nJOIN `information_schema`.`KEY_COLUMN_USAGE` AS `kcu` ON\r\n    (\r\n        `kcu`.`CONSTRAINT_CATALOG` = `rc`.`CONSTRAINT_CATALOG` OR\r\n        (`kcu`.`CONSTRAINT_CATALOG` IS NULL AND `rc`.`CONSTRAINT_CATALOG` IS NULL)\r\n    ) AND\r\n    `kcu`.`CONSTRAINT_SCHEMA` = `rc`.`CONSTRAINT_SCHEMA` AND\r\n    `kcu`.`CONSTRAINT_NAME` = `rc`.`CONSTRAINT_NAME`\r\nWHERE `rc`.`CONSTRAINT_SCHEMA` = database() AND `kcu`.`TABLE_SCHEMA` = database()\r\nAND `rc`.`TABLE_NAME` = \'disciplina\' AND `kcu`.`TABLE_NAME` = \'disciplina\''),(22259,'info','yii\\db\\Command::query','2024-01-09 21:23:59','[::1][-][-]','SELECT * FROM `direccion` WHERE `id`=2'),(22260,'info','yii\\db\\Command::query','2024-01-09 21:23:59','[::1][-][-]','SELECT * FROM `disciplina` WHERE `id`=2'),(22261,'info','yii\\db\\Command::query','2024-01-09 21:23:59','[::1][-][-]','SELECT * FROM `direccion` WHERE `id`=1'),(22262,'info','yii\\db\\Command::query','2024-01-09 21:23:59','[::1][-][-]','SELECT * FROM `disciplina` WHERE `id`=3'),(22263,'info','yii\\db\\Command::query','2024-01-09 21:23:59','[::1][-][-]','SELECT * FROM `direccion` WHERE `id`=3'),(22264,'info','yii\\db\\Command::query','2024-01-09 21:23:59','[::1][-][-]','SELECT * FROM `disciplina` WHERE `id`=2'),(22265,'info','yii\\db\\Command::query','2024-01-09 21:23:59','[::1][-][-]','SELECT * FROM `direccion` WHERE `id`=4'),(22266,'info','yii\\db\\Command::query','2024-01-09 21:23:59','[::1][-][-]','SELECT * FROM `disciplina` WHERE `id`=1'),(22267,'info','application','2024-01-09 21:23:59','[::1][-][-]','$_GET = [\n    \'r\' => \'pista/list\'\n]\n\n$_POST = []\n\n$_FILES = []\n\n$_COOKIE = [\n    \'_identity\' => \'edcd6e27002627862a30d25ea24843c297f13188ba7b9ad3db80f872e5887197a:2:{i:0;s:9:\\\"_identity\\\";i:1;s:28:\\\"[\\\"100\\\",\\\"test100key\\\",2592000]\\\";}\'\n    \'PHPSESSID\' => \'p27m3ek56s4agfdp3ibfcdeuqk\'\n    \'_csrf\' => \'10823acd8f0e343b7e535907e4ca8aa1d32b203d2f40f6850ced295da0c38ee7a:2:{i:0;s:5:\\\"_csrf\\\";i:1;s:32:\\\"6drlzHZ3CVRhQNTp5PCj3eTtMBS41Imr\\\";}\'\n]\n\n$_SESSION = [\n    \'__flash\' => []\n]\n\n$_SERVER = [\n    \'MIBDIRS\' => \'C:/xampp/php/extras/mibs\'\n    \'MYSQL_HOME\' => \'\\\\xampp\\\\mysql\\\\bin\'\n    \'OPENSSL_CONF\' => \'C:/xampp/apache/bin/openssl.cnf\'\n    \'PHP_PEAR_SYSCONF_DIR\' => \'\\\\xampp\\\\php\'\n    \'PHPRC\' => \'\\\\xampp\\\\php\'\n    \'TMP\' => \'\\\\xampp\\\\tmp\'\n    \'HTTP_HOST\' => \'localhost\'\n    \'HTTP_CONNECTION\' => \'keep-alive\'\n    \'HTTP_SEC_CH_UA\' => \'\\\"Not_A Brand\\\";v=\\\"8\\\", \\\"Chromium\\\";v=\\\"120\\\", \\\"Google Chrome\\\";v=\\\"120\\\"\'\n    \'HTTP_SEC_CH_UA_MOBILE\' => \'?0\'\n    \'HTTP_SEC_CH_UA_PLATFORM\' => \'\\\"Windows\\\"\'\n    \'HTTP_UPGRADE_INSECURE_REQUESTS\' => \'1\'\n    \'HTTP_USER_AGENT\' => \'Mozilla/5.0 (Windows NT 10.0; Win64; x64) AppleWebKit/537.36 (KHTML, like Gecko) Chrome/120.0.0.0 Safari/537.36\'\n    \'HTTP_ACCEPT\' => \'text/html,application/xhtml+xml,application/xml;q=0.9,image/avif,image/webp,image/apng,*/*;q=0.8,application/signed-exchange;v=b3;q=0.7\'\n    \'HTTP_SEC_FETCH_SITE\' => \'same-origin\'\n    \'HTTP_SEC_FETCH_MODE\' => \'navigate\'\n    \'HTTP_SEC_FETCH_USER\' => \'?1\'\n    \'HTTP_SEC_FETCH_DEST\' => \'document\'\n    \'HTTP_REFERER\' => \'http://localhost/torneos/basic/web/index.php?r=pista%2Fver-pista&id=1\'\n    \'HTTP_ACCEPT_ENCODING\' => \'gzip, deflate, br\'\n    \'HTTP_ACCEPT_LANGUAGE\' => \'es-ES,es;q=0.9\'\n    \'HTTP_COOKIE\' => \'_identity=edcd6e27002627862a30d25ea24843c297f13188ba7b9ad3db80f872e5887197a%3A2%3A%7Bi%3A0%3Bs%3A9%3A%22_identity%22%3Bi%3A1%3Bs%3A28%3A%22%5B%22100%22%2C%22test100key%22%2C2592000%5D%22%3B%7D; PHPSESSID=p27m3ek56s4agfdp3ibfcdeuqk; _csrf=10823acd8f0e343b7e535907e4ca8aa1d32b203d2f40f6850ced295da0c38ee7a%3A2%3A%7Bi%3A0%3Bs%3A5%3A%22_csrf%22%3Bi%3A1%3Bs%3A32%3A%226drlzHZ3CVRhQNTp5PCj3eTtMBS41Imr%22%3B%7D\'\n    \'PATH\' => \'C:\\\\Program Files\\\\Common Files\\\\Oracle\\\\Java\\\\javapath;C:\\\\Windows\\\\system32;C:\\\\Windows;C:\\\\Windows\\\\System32\\\\Wbem;C:\\\\Windows\\\\System32\\\\WindowsPowerShell\\\\v1.0\\\\;C:\\\\Windows\\\\System32\\\\OpenSSH\\\\;C:\\\\Program Files (x86)\\\\NVIDIA Corporation\\\\PhysX\\\\Common;C:\\\\Program Files\\\\NVIDIA Corporation\\\\NVIDIA NvDLISR;C:\\\\Program Files\\\\Wolfram Research\\\\WolframScript\\\\;C:\\\\Program Files\\\\Git\\\\cmd;C:\\\\Program Files\\\\dotnet\\\\;C:\\\\Program Files\\\\AutoFirma\\\\AutoFirma;C:\\\\xampp\\\\php;C:\\\\Users\\\\raftars77\\\\AppData\\\\Local\\\\Programs\\\\Python\\\\Python311\\\\Scripts\\\\;C:\\\\Users\\\\raftars77\\\\AppData\\\\Local\\\\Programs\\\\Python\\\\Python311\\\\;C:\\\\Users\\\\raftars77\\\\AppData\\\\Local\\\\Microsoft\\\\WindowsApps;C:\\\\Users\\\\raftars77\\\\AppData\\\\Local\\\\Programs\\\\Microsoft VS Code\\\\bin\'\n    \'SystemRoot\' => \'C:\\\\Windows\'\n    \'COMSPEC\' => \'C:\\\\Windows\\\\system32\\\\cmd.exe\'\n    \'PATHEXT\' => \'.COM;.EXE;.BAT;.CMD;.VBS;.VBE;.JS;.JSE;.WSF;.WSH;.MSC\'\n    \'WINDIR\' => \'C:\\\\Windows\'\n    \'SERVER_SIGNATURE\' => \'<address>Apache/2.4.58 (Win64) OpenSSL/3.1.3 PHP/8.2.12 Server at localhost Port 80</address>\n\'\n    \'SERVER_SOFTWARE\' => \'Apache/2.4.58 (Win64) OpenSSL/3.1.3 PHP/8.2.12\'\n    \'SERVER_NAME\' => \'localhost\'\n    \'SERVER_ADDR\' => \'::1\'\n    \'SERVER_PORT\' => \'80\'\n    \'REMOTE_ADDR\' => \'::1\'\n    \'DOCUMENT_ROOT\' => \'C:/xampp/htdocs\'\n    \'REQUEST_SCHEME\' => \'http\'\n    \'CONTEXT_PREFIX\' => \'/torneos\'\n    \'CONTEXT_DOCUMENT_ROOT\' => \'C:\\\\Users\\\\raftars77\\\\Desktop\\\\Universidad\\\\Desarrollo de aplicaciones web II/daw2-2023_03_organizacion_torneos\'\n    \'SERVER_ADMIN\' => \'postmaster@localhost\'\n    \'SCRIPT_FILENAME\' => \'C:/Users/raftars77/Desktop/Universidad/Desarrollo de aplicaciones web II/daw2-2023_03_organizacion_torneos/basic/web/index.php\'\n    \'REMOTE_PORT\' => \'60449\'\n    \'GATEWAY_INTERFACE\' => \'CGI/1.1\'\n    \'SERVER_PROTOCOL\' => \'HTTP/1.1\'\n    \'REQUEST_METHOD\' => \'GET\'\n    \'QUERY_STRING\' => \'r=pista%2Flist\'\n    \'REQUEST_URI\' => \'/torneos/basic/web/index.php?r=pista%2Flist\'\n    \'SCRIPT_NAME\' => \'/torneos/basic/web/index.php\'\n    \'PHP_SELF\' => \'/torneos/basic/web/index.php\'\n    \'REQUEST_TIME_FLOAT\' => 1704835439.0122\n    \'REQUEST_TIME\' => 1704835439\n]'),(22268,'info','yii\\web\\Session::open','2024-01-09 21:23:59','[::1][-][-]','Session started'),(22269,'info','yii\\db\\Connection::open','2024-01-09 21:23:59','[::1][-][-]','Opening DB connection: mysql:host=localhost;dbname=daw2_2023_03_organizacion_torneos'),(22270,'info','yii\\db\\Command::query','2024-01-09 21:23:59','[::1][-][-]','SHOW FULL COLUMNS FROM `pista`'),(22271,'info','yii\\db\\Command::query','2024-01-09 21:23:59','[::1][-][-]','SELECT\r\n    `kcu`.`CONSTRAINT_NAME` AS `constraint_name`,\r\n    `kcu`.`COLUMN_NAME` AS `column_name`,\r\n    `kcu`.`REFERENCED_TABLE_NAME` AS `referenced_table_name`,\r\n    `kcu`.`REFERENCED_COLUMN_NAME` AS `referenced_column_name`\r\nFROM `information_schema`.`REFERENTIAL_CONSTRAINTS` AS `rc`\r\nJOIN `information_schema`.`KEY_COLUMN_USAGE` AS `kcu` ON\r\n    (\r\n        `kcu`.`CONSTRAINT_CATALOG` = `rc`.`CONSTRAINT_CATALOG` OR\r\n        (`kcu`.`CONSTRAINT_CATALOG` IS NULL AND `rc`.`CONSTRAINT_CATALOG` IS NULL)\r\n    ) AND\r\n    `kcu`.`CONSTRAINT_SCHEMA` = `rc`.`CONSTRAINT_SCHEMA` AND\r\n    `kcu`.`CONSTRAINT_NAME` = `rc`.`CONSTRAINT_NAME`\r\nWHERE `rc`.`CONSTRAINT_SCHEMA` = database() AND `kcu`.`TABLE_SCHEMA` = database()\r\nAND `rc`.`TABLE_NAME` = \'pista\' AND `kcu`.`TABLE_NAME` = \'pista\''),(22272,'info','yii\\db\\Command::query','2024-01-09 21:23:59','[::1][-][-]','SELECT * FROM `disciplina`'),(22273,'info','yii\\db\\Command::query','2024-01-09 21:23:59','[::1][-][-]','SHOW FULL COLUMNS FROM `disciplina`'),(22274,'info','yii\\db\\Command::query','2024-01-09 21:23:59','[::1][-][-]','SELECT\r\n    `kcu`.`CONSTRAINT_NAME` AS `constraint_name`,\r\n    `kcu`.`COLUMN_NAME` AS `column_name`,\r\n    `kcu`.`REFERENCED_TABLE_NAME` AS `referenced_table_name`,\r\n    `kcu`.`REFERENCED_COLUMN_NAME` AS `referenced_column_name`\r\nFROM `information_schema`.`REFERENTIAL_CONSTRAINTS` AS `rc`\r\nJOIN `information_schema`.`KEY_COLUMN_USAGE` AS `kcu` ON\r\n    (\r\n        `kcu`.`CONSTRAINT_CATALOG` = `rc`.`CONSTRAINT_CATALOG` OR\r\n        (`kcu`.`CONSTRAINT_CATALOG` IS NULL AND `rc`.`CONSTRAINT_CATALOG` IS NULL)\r\n    ) AND\r\n    `kcu`.`CONSTRAINT_SCHEMA` = `rc`.`CONSTRAINT_SCHEMA` AND\r\n    `kcu`.`CONSTRAINT_NAME` = `rc`.`CONSTRAINT_NAME`\r\nWHERE `rc`.`CONSTRAINT_SCHEMA` = database() AND `kcu`.`TABLE_SCHEMA` = database()\r\nAND `rc`.`TABLE_NAME` = \'disciplina\' AND `kcu`.`TABLE_NAME` = \'disciplina\''),(22275,'info','yii\\db\\Command::query','2024-01-09 21:23:59','[::1][-][-]','SHOW FULL COLUMNS FROM `direccion`'),(22276,'info','yii\\db\\Command::query','2024-01-09 21:23:59','[::1][-][-]','SELECT\r\n    `kcu`.`CONSTRAINT_NAME` AS `constraint_name`,\r\n    `kcu`.`COLUMN_NAME` AS `column_name`,\r\n    `kcu`.`REFERENCED_TABLE_NAME` AS `referenced_table_name`,\r\n    `kcu`.`REFERENCED_COLUMN_NAME` AS `referenced_column_name`\r\nFROM `information_schema`.`REFERENTIAL_CONSTRAINTS` AS `rc`\r\nJOIN `information_schema`.`KEY_COLUMN_USAGE` AS `kcu` ON\r\n    (\r\n        `kcu`.`CONSTRAINT_CATALOG` = `rc`.`CONSTRAINT_CATALOG` OR\r\n        (`kcu`.`CONSTRAINT_CATALOG` IS NULL AND `rc`.`CONSTRAINT_CATALOG` IS NULL)\r\n    ) AND\r\n    `kcu`.`CONSTRAINT_SCHEMA` = `rc`.`CONSTRAINT_SCHEMA` AND\r\n    `kcu`.`CONSTRAINT_NAME` = `rc`.`CONSTRAINT_NAME`\r\nWHERE `rc`.`CONSTRAINT_SCHEMA` = database() AND `kcu`.`TABLE_SCHEMA` = database()\r\nAND `rc`.`TABLE_NAME` = \'direccion\' AND `kcu`.`TABLE_NAME` = \'direccion\''),(22277,'info','application','2024-01-09 21:23:59','[::1][-][-]','$_GET = [\n    \'r\' => \'pista/create\'\n]\n\n$_POST = []\n\n$_FILES = []\n\n$_COOKIE = [\n    \'_identity\' => \'edcd6e27002627862a30d25ea24843c297f13188ba7b9ad3db80f872e5887197a:2:{i:0;s:9:\\\"_identity\\\";i:1;s:28:\\\"[\\\"100\\\",\\\"test100key\\\",2592000]\\\";}\'\n    \'PHPSESSID\' => \'p27m3ek56s4agfdp3ibfcdeuqk\'\n    \'_csrf\' => \'10823acd8f0e343b7e535907e4ca8aa1d32b203d2f40f6850ced295da0c38ee7a:2:{i:0;s:5:\\\"_csrf\\\";i:1;s:32:\\\"6drlzHZ3CVRhQNTp5PCj3eTtMBS41Imr\\\";}\'\n]\n\n$_SESSION = [\n    \'__flash\' => []\n]\n\n$_SERVER = [\n    \'MIBDIRS\' => \'C:/xampp/php/extras/mibs\'\n    \'MYSQL_HOME\' => \'\\\\xampp\\\\mysql\\\\bin\'\n    \'OPENSSL_CONF\' => \'C:/xampp/apache/bin/openssl.cnf\'\n    \'PHP_PEAR_SYSCONF_DIR\' => \'\\\\xampp\\\\php\'\n    \'PHPRC\' => \'\\\\xampp\\\\php\'\n    \'TMP\' => \'\\\\xampp\\\\tmp\'\n    \'HTTP_HOST\' => \'localhost\'\n    \'HTTP_CONNECTION\' => \'keep-alive\'\n    \'HTTP_SEC_CH_UA\' => \'\\\"Not_A Brand\\\";v=\\\"8\\\", \\\"Chromium\\\";v=\\\"120\\\", \\\"Google Chrome\\\";v=\\\"120\\\"\'\n    \'HTTP_SEC_CH_UA_MOBILE\' => \'?0\'\n    \'HTTP_SEC_CH_UA_PLATFORM\' => \'\\\"Windows\\\"\'\n    \'HTTP_UPGRADE_INSECURE_REQUESTS\' => \'1\'\n    \'HTTP_USER_AGENT\' => \'Mozilla/5.0 (Windows NT 10.0; Win64; x64) AppleWebKit/537.36 (KHTML, like Gecko) Chrome/120.0.0.0 Safari/537.36\'\n    \'HTTP_ACCEPT\' => \'text/html,application/xhtml+xml,application/xml;q=0.9,image/avif,image/webp,image/apng,*/*;q=0.8,application/signed-exchange;v=b3;q=0.7\'\n    \'HTTP_SEC_FETCH_SITE\' => \'same-origin\'\n    \'HTTP_SEC_FETCH_MODE\' => \'navigate\'\n    \'HTTP_SEC_FETCH_USER\' => \'?1\'\n    \'HTTP_SEC_FETCH_DEST\' => \'document\'\n    \'HTTP_REFERER\' => \'http://localhost/torneos/basic/web/index.php?r=pista%2Flist\'\n    \'HTTP_ACCEPT_ENCODING\' => \'gzip, deflate, br\'\n    \'HTTP_ACCEPT_LANGUAGE\' => \'es-ES,es;q=0.9\'\n    \'HTTP_COOKIE\' => \'_identity=edcd6e27002627862a30d25ea24843c297f13188ba7b9ad3db80f872e5887197a%3A2%3A%7Bi%3A0%3Bs%3A9%3A%22_identity%22%3Bi%3A1%3Bs%3A28%3A%22%5B%22100%22%2C%22test100key%22%2C2592000%5D%22%3B%7D; PHPSESSID=p27m3ek56s4agfdp3ibfcdeuqk; _csrf=10823acd8f0e343b7e535907e4ca8aa1d32b203d2f40f6850ced295da0c38ee7a%3A2%3A%7Bi%3A0%3Bs%3A5%3A%22_csrf%22%3Bi%3A1%3Bs%3A32%3A%226drlzHZ3CVRhQNTp5PCj3eTtMBS41Imr%22%3B%7D\'\n    \'PATH\' => \'C:\\\\Program Files\\\\Common Files\\\\Oracle\\\\Java\\\\javapath;C:\\\\Windows\\\\system32;C:\\\\Windows;C:\\\\Windows\\\\System32\\\\Wbem;C:\\\\Windows\\\\System32\\\\WindowsPowerShell\\\\v1.0\\\\;C:\\\\Windows\\\\System32\\\\OpenSSH\\\\;C:\\\\Program Files (x86)\\\\NVIDIA Corporation\\\\PhysX\\\\Common;C:\\\\Program Files\\\\NVIDIA Corporation\\\\NVIDIA NvDLISR;C:\\\\Program Files\\\\Wolfram Research\\\\WolframScript\\\\;C:\\\\Program Files\\\\Git\\\\cmd;C:\\\\Program Files\\\\dotnet\\\\;C:\\\\Program Files\\\\AutoFirma\\\\AutoFirma;C:\\\\xampp\\\\php;C:\\\\Users\\\\raftars77\\\\AppData\\\\Local\\\\Programs\\\\Python\\\\Python311\\\\Scripts\\\\;C:\\\\Users\\\\raftars77\\\\AppData\\\\Local\\\\Programs\\\\Python\\\\Python311\\\\;C:\\\\Users\\\\raftars77\\\\AppData\\\\Local\\\\Microsoft\\\\WindowsApps;C:\\\\Users\\\\raftars77\\\\AppData\\\\Local\\\\Programs\\\\Microsoft VS Code\\\\bin\'\n    \'SystemRoot\' => \'C:\\\\Windows\'\n    \'COMSPEC\' => \'C:\\\\Windows\\\\system32\\\\cmd.exe\'\n    \'PATHEXT\' => \'.COM;.EXE;.BAT;.CMD;.VBS;.VBE;.JS;.JSE;.WSF;.WSH;.MSC\'\n    \'WINDIR\' => \'C:\\\\Windows\'\n    \'SERVER_SIGNATURE\' => \'<address>Apache/2.4.58 (Win64) OpenSSL/3.1.3 PHP/8.2.12 Server at localhost Port 80</address>\n\'\n    \'SERVER_SOFTWARE\' => \'Apache/2.4.58 (Win64) OpenSSL/3.1.3 PHP/8.2.12\'\n    \'SERVER_NAME\' => \'localhost\'\n    \'SERVER_ADDR\' => \'::1\'\n    \'SERVER_PORT\' => \'80\'\n    \'REMOTE_ADDR\' => \'::1\'\n    \'DOCUMENT_ROOT\' => \'C:/xampp/htdocs\'\n    \'REQUEST_SCHEME\' => \'http\'\n    \'CONTEXT_PREFIX\' => \'/torneos\'\n    \'CONTEXT_DOCUMENT_ROOT\' => \'C:\\\\Users\\\\raftars77\\\\Desktop\\\\Universidad\\\\Desarrollo de aplicaciones web II/daw2-2023_03_organizacion_torneos\'\n    \'SERVER_ADMIN\' => \'postmaster@localhost\'\n    \'SCRIPT_FILENAME\' => \'C:/Users/raftars77/Desktop/Universidad/Desarrollo de aplicaciones web II/daw2-2023_03_organizacion_torneos/basic/web/index.php\'\n    \'REMOTE_PORT\' => \'60450\'\n    \'GATEWAY_INTERFACE\' => \'CGI/1.1\'\n    \'SERVER_PROTOCOL\' => \'HTTP/1.1\'\n    \'REQUEST_METHOD\' => \'GET\'\n    \'QUERY_STRING\' => \'r=pista%2Fcreate\'\n    \'REQUEST_URI\' => \'/torneos/basic/web/index.php?r=pista%2Fcreate\'\n    \'SCRIPT_NAME\' => \'/torneos/basic/web/index.php\'\n    \'PHP_SELF\' => \'/torneos/basic/web/index.php\'\n    \'REQUEST_TIME_FLOAT\' => 1704835439.8063\n    \'REQUEST_TIME\' => 1704835439\n]'),(22278,'info','yii\\web\\Session::open','2024-01-09 21:25:04','[::1][-][-]','Session started'),(22279,'info','yii\\db\\Command::query','2024-01-09 21:25:04','[::1][-][-]','SHOW FULL COLUMNS FROM `pista`'),(22280,'info','yii\\db\\Connection::open','2024-01-09 21:25:04','[::1][-][-]','Opening DB connection: mysql:host=localhost;dbname=daw2_2023_03_organizacion_torneos'),(22281,'info','yii\\db\\Command::query','2024-01-09 21:25:04','[::1][-][-]','SELECT\r\n    `kcu`.`CONSTRAINT_NAME` AS `constraint_name`,\r\n    `kcu`.`COLUMN_NAME` AS `column_name`,\r\n    `kcu`.`REFERENCED_TABLE_NAME` AS `referenced_table_name`,\r\n    `kcu`.`REFERENCED_COLUMN_NAME` AS `referenced_column_name`\r\nFROM `information_schema`.`REFERENTIAL_CONSTRAINTS` AS `rc`\r\nJOIN `information_schema`.`KEY_COLUMN_USAGE` AS `kcu` ON\r\n    (\r\n        `kcu`.`CONSTRAINT_CATALOG` = `rc`.`CONSTRAINT_CATALOG` OR\r\n        (`kcu`.`CONSTRAINT_CATALOG` IS NULL AND `rc`.`CONSTRAINT_CATALOG` IS NULL)\r\n    ) AND\r\n    `kcu`.`CONSTRAINT_SCHEMA` = `rc`.`CONSTRAINT_SCHEMA` AND\r\n    `kcu`.`CONSTRAINT_NAME` = `rc`.`CONSTRAINT_NAME`\r\nWHERE `rc`.`CONSTRAINT_SCHEMA` = database() AND `kcu`.`TABLE_SCHEMA` = database()\r\nAND `rc`.`TABLE_NAME` = \'pista\' AND `kcu`.`TABLE_NAME` = \'pista\''),(22282,'info','yii\\db\\Command::query','2024-01-09 21:25:04','[::1][-][-]','SELECT COUNT(*) FROM `pista`'),(22283,'info','yii\\db\\Command::query','2024-01-09 21:25:04','[::1][-][-]','SELECT * FROM `pista` LIMIT 20'),(22284,'info','yii\\db\\Command::query','2024-01-09 21:25:04','[::1][-][-]','SELECT * FROM `direccion` WHERE `id`=1'),(22285,'info','yii\\db\\Command::query','2024-01-09 21:25:04','[::1][-][-]','SHOW FULL COLUMNS FROM `direccion`'),(22286,'info','yii\\db\\Command::query','2024-01-09 21:25:04','[::1][-][-]','SELECT\r\n    `kcu`.`CONSTRAINT_NAME` AS `constraint_name`,\r\n    `kcu`.`COLUMN_NAME` AS `column_name`,\r\n    `kcu`.`REFERENCED_TABLE_NAME` AS `referenced_table_name`,\r\n    `kcu`.`REFERENCED_COLUMN_NAME` AS `referenced_column_name`\r\nFROM `information_schema`.`REFERENTIAL_CONSTRAINTS` AS `rc`\r\nJOIN `information_schema`.`KEY_COLUMN_USAGE` AS `kcu` ON\r\n    (\r\n        `kcu`.`CONSTRAINT_CATALOG` = `rc`.`CONSTRAINT_CATALOG` OR\r\n        (`kcu`.`CONSTRAINT_CATALOG` IS NULL AND `rc`.`CONSTRAINT_CATALOG` IS NULL)\r\n    ) AND\r\n    `kcu`.`CONSTRAINT_SCHEMA` = `rc`.`CONSTRAINT_SCHEMA` AND\r\n    `kcu`.`CONSTRAINT_NAME` = `rc`.`CONSTRAINT_NAME`\r\nWHERE `rc`.`CONSTRAINT_SCHEMA` = database() AND `kcu`.`TABLE_SCHEMA` = database()\r\nAND `rc`.`TABLE_NAME` = \'direccion\' AND `kcu`.`TABLE_NAME` = \'direccion\''),(22287,'info','yii\\db\\Command::query','2024-01-09 21:25:04','[::1][-][-]','SELECT * FROM `disciplina` WHERE `id`=1'),(22288,'info','yii\\db\\Command::query','2024-01-09 21:25:04','[::1][-][-]','SHOW FULL COLUMNS FROM `disciplina`'),(22289,'info','yii\\db\\Command::query','2024-01-09 21:25:04','[::1][-][-]','SELECT\r\n    `kcu`.`CONSTRAINT_NAME` AS `constraint_name`,\r\n    `kcu`.`COLUMN_NAME` AS `column_name`,\r\n    `kcu`.`REFERENCED_TABLE_NAME` AS `referenced_table_name`,\r\n    `kcu`.`REFERENCED_COLUMN_NAME` AS `referenced_column_name`\r\nFROM `information_schema`.`REFERENTIAL_CONSTRAINTS` AS `rc`\r\nJOIN `information_schema`.`KEY_COLUMN_USAGE` AS `kcu` ON\r\n    (\r\n        `kcu`.`CONSTRAINT_CATALOG` = `rc`.`CONSTRAINT_CATALOG` OR\r\n        (`kcu`.`CONSTRAINT_CATALOG` IS NULL AND `rc`.`CONSTRAINT_CATALOG` IS NULL)\r\n    ) AND\r\n    `kcu`.`CONSTRAINT_SCHEMA` = `rc`.`CONSTRAINT_SCHEMA` AND\r\n    `kcu`.`CONSTRAINT_NAME` = `rc`.`CONSTRAINT_NAME`\r\nWHERE `rc`.`CONSTRAINT_SCHEMA` = database() AND `kcu`.`TABLE_SCHEMA` = database()\r\nAND `rc`.`TABLE_NAME` = \'disciplina\' AND `kcu`.`TABLE_NAME` = \'disciplina\''),(22290,'info','yii\\db\\Command::query','2024-01-09 21:25:04','[::1][-][-]','SELECT * FROM `direccion` WHERE `id`=2'),(22291,'info','yii\\db\\Command::query','2024-01-09 21:25:04','[::1][-][-]','SELECT * FROM `disciplina` WHERE `id`=2'),(22292,'info','yii\\db\\Command::query','2024-01-09 21:25:04','[::1][-][-]','SELECT * FROM `direccion` WHERE `id`=1'),(22293,'info','yii\\db\\Command::query','2024-01-09 21:25:04','[::1][-][-]','SELECT * FROM `disciplina` WHERE `id`=3'),(22294,'info','yii\\db\\Command::query','2024-01-09 21:25:04','[::1][-][-]','SELECT * FROM `direccion` WHERE `id`=3'),(22295,'info','yii\\db\\Command::query','2024-01-09 21:25:04','[::1][-][-]','SELECT * FROM `disciplina` WHERE `id`=2'),(22296,'info','yii\\db\\Command::query','2024-01-09 21:25:04','[::1][-][-]','SELECT * FROM `direccion` WHERE `id`=4'),(22297,'info','yii\\db\\Command::query','2024-01-09 21:25:04','[::1][-][-]','SELECT * FROM `disciplina` WHERE `id`=1'),(22298,'info','application','2024-01-09 21:25:04','[::1][-][-]','$_GET = [\n    \'r\' => \'pista/list\'\n]\n\n$_POST = []\n\n$_FILES = []\n\n$_COOKIE = [\n    \'_identity\' => \'edcd6e27002627862a30d25ea24843c297f13188ba7b9ad3db80f872e5887197a:2:{i:0;s:9:\\\"_identity\\\";i:1;s:28:\\\"[\\\"100\\\",\\\"test100key\\\",2592000]\\\";}\'\n    \'PHPSESSID\' => \'p27m3ek56s4agfdp3ibfcdeuqk\'\n    \'_csrf\' => \'10823acd8f0e343b7e535907e4ca8aa1d32b203d2f40f6850ced295da0c38ee7a:2:{i:0;s:5:\\\"_csrf\\\";i:1;s:32:\\\"6drlzHZ3CVRhQNTp5PCj3eTtMBS41Imr\\\";}\'\n]\n\n$_SESSION = [\n    \'__flash\' => []\n]\n\n$_SERVER = [\n    \'MIBDIRS\' => \'C:/xampp/php/extras/mibs\'\n    \'MYSQL_HOME\' => \'\\\\xampp\\\\mysql\\\\bin\'\n    \'OPENSSL_CONF\' => \'C:/xampp/apache/bin/openssl.cnf\'\n    \'PHP_PEAR_SYSCONF_DIR\' => \'\\\\xampp\\\\php\'\n    \'PHPRC\' => \'\\\\xampp\\\\php\'\n    \'TMP\' => \'\\\\xampp\\\\tmp\'\n    \'HTTP_HOST\' => \'localhost\'\n    \'HTTP_CONNECTION\' => \'keep-alive\'\n    \'HTTP_SEC_CH_UA\' => \'\\\"Not_A Brand\\\";v=\\\"8\\\", \\\"Chromium\\\";v=\\\"120\\\", \\\"Google Chrome\\\";v=\\\"120\\\"\'\n    \'HTTP_SEC_CH_UA_MOBILE\' => \'?0\'\n    \'HTTP_SEC_CH_UA_PLATFORM\' => \'\\\"Windows\\\"\'\n    \'HTTP_UPGRADE_INSECURE_REQUESTS\' => \'1\'\n    \'HTTP_USER_AGENT\' => \'Mozilla/5.0 (Windows NT 10.0; Win64; x64) AppleWebKit/537.36 (KHTML, like Gecko) Chrome/120.0.0.0 Safari/537.36\'\n    \'HTTP_ACCEPT\' => \'text/html,application/xhtml+xml,application/xml;q=0.9,image/avif,image/webp,image/apng,*/*;q=0.8,application/signed-exchange;v=b3;q=0.7\'\n    \'HTTP_SEC_FETCH_SITE\' => \'same-origin\'\n    \'HTTP_SEC_FETCH_MODE\' => \'navigate\'\n    \'HTTP_SEC_FETCH_USER\' => \'?1\'\n    \'HTTP_SEC_FETCH_DEST\' => \'document\'\n    \'HTTP_REFERER\' => \'http://localhost/torneos/basic/web/index.php?r=pista%2Fcreate\'\n    \'HTTP_ACCEPT_ENCODING\' => \'gzip, deflate, br\'\n    \'HTTP_ACCEPT_LANGUAGE\' => \'es-ES,es;q=0.9\'\n    \'HTTP_COOKIE\' => \'_identity=edcd6e27002627862a30d25ea24843c297f13188ba7b9ad3db80f872e5887197a%3A2%3A%7Bi%3A0%3Bs%3A9%3A%22_identity%22%3Bi%3A1%3Bs%3A28%3A%22%5B%22100%22%2C%22test100key%22%2C2592000%5D%22%3B%7D; PHPSESSID=p27m3ek56s4agfdp3ibfcdeuqk; _csrf=10823acd8f0e343b7e535907e4ca8aa1d32b203d2f40f6850ced295da0c38ee7a%3A2%3A%7Bi%3A0%3Bs%3A5%3A%22_csrf%22%3Bi%3A1%3Bs%3A32%3A%226drlzHZ3CVRhQNTp5PCj3eTtMBS41Imr%22%3B%7D\'\n    \'PATH\' => \'C:\\\\Program Files\\\\Common Files\\\\Oracle\\\\Java\\\\javapath;C:\\\\Windows\\\\system32;C:\\\\Windows;C:\\\\Windows\\\\System32\\\\Wbem;C:\\\\Windows\\\\System32\\\\WindowsPowerShell\\\\v1.0\\\\;C:\\\\Windows\\\\System32\\\\OpenSSH\\\\;C:\\\\Program Files (x86)\\\\NVIDIA Corporation\\\\PhysX\\\\Common;C:\\\\Program Files\\\\NVIDIA Corporation\\\\NVIDIA NvDLISR;C:\\\\Program Files\\\\Wolfram Research\\\\WolframScript\\\\;C:\\\\Program Files\\\\Git\\\\cmd;C:\\\\Program Files\\\\dotnet\\\\;C:\\\\Program Files\\\\AutoFirma\\\\AutoFirma;C:\\\\xampp\\\\php;C:\\\\Users\\\\raftars77\\\\AppData\\\\Local\\\\Programs\\\\Python\\\\Python311\\\\Scripts\\\\;C:\\\\Users\\\\raftars77\\\\AppData\\\\Local\\\\Programs\\\\Python\\\\Python311\\\\;C:\\\\Users\\\\raftars77\\\\AppData\\\\Local\\\\Microsoft\\\\WindowsApps;C:\\\\Users\\\\raftars77\\\\AppData\\\\Local\\\\Programs\\\\Microsoft VS Code\\\\bin\'\n    \'SystemRoot\' => \'C:\\\\Windows\'\n    \'COMSPEC\' => \'C:\\\\Windows\\\\system32\\\\cmd.exe\'\n    \'PATHEXT\' => \'.COM;.EXE;.BAT;.CMD;.VBS;.VBE;.JS;.JSE;.WSF;.WSH;.MSC\'\n    \'WINDIR\' => \'C:\\\\Windows\'\n    \'SERVER_SIGNATURE\' => \'<address>Apache/2.4.58 (Win64) OpenSSL/3.1.3 PHP/8.2.12 Server at localhost Port 80</address>\n\'\n    \'SERVER_SOFTWARE\' => \'Apache/2.4.58 (Win64) OpenSSL/3.1.3 PHP/8.2.12\'\n    \'SERVER_NAME\' => \'localhost\'\n    \'SERVER_ADDR\' => \'::1\'\n    \'SERVER_PORT\' => \'80\'\n    \'REMOTE_ADDR\' => \'::1\'\n    \'DOCUMENT_ROOT\' => \'C:/xampp/htdocs\'\n    \'REQUEST_SCHEME\' => \'http\'\n    \'CONTEXT_PREFIX\' => \'/torneos\'\n    \'CONTEXT_DOCUMENT_ROOT\' => \'C:\\\\Users\\\\raftars77\\\\Desktop\\\\Universidad\\\\Desarrollo de aplicaciones web II/daw2-2023_03_organizacion_torneos\'\n    \'SERVER_ADMIN\' => \'postmaster@localhost\'\n    \'SCRIPT_FILENAME\' => \'C:/Users/raftars77/Desktop/Universidad/Desarrollo de aplicaciones web II/daw2-2023_03_organizacion_torneos/basic/web/index.php\'\n    \'REMOTE_PORT\' => \'60488\'\n    \'GATEWAY_INTERFACE\' => \'CGI/1.1\'\n    \'SERVER_PROTOCOL\' => \'HTTP/1.1\'\n    \'REQUEST_METHOD\' => \'GET\'\n    \'QUERY_STRING\' => \'r=pista%2Flist\'\n    \'REQUEST_URI\' => \'/torneos/basic/web/index.php?r=pista%2Flist\'\n    \'SCRIPT_NAME\' => \'/torneos/basic/web/index.php\'\n    \'PHP_SELF\' => \'/torneos/basic/web/index.php\'\n    \'REQUEST_TIME_FLOAT\' => 1704835504.3431\n    \'REQUEST_TIME\' => 1704835504\n]'),(22299,'trace','yii\\base\\Application::bootstrap','2024-01-09 21:25:04','[::1][-][-]','Bootstrap with yii\\bootstrap5\\i18n\\TranslationBootstrap::bootstrap()'),(22300,'trace','yii\\base\\Application::bootstrap','2024-01-09 21:25:04','[::1][-][-]','Bootstrap with yii\\log\\Dispatcher'),(22301,'trace','yii\\base\\Module::getModule','2024-01-09 21:25:04','[::1][-][-]','Loading module: debug'),(22302,'trace','yii\\base\\Application::bootstrap','2024-01-09 21:25:04','[::1][-][-]','Bootstrap with yii\\debug\\Module::bootstrap()'),(22303,'trace','yii\\base\\Module::getModule','2024-01-09 21:25:04','[::1][-][-]','Loading module: gii'),(22304,'trace','yii\\base\\Application::bootstrap','2024-01-09 21:25:04','[::1][-][-]','Bootstrap with yii\\gii\\Module::bootstrap()'),(22305,'trace','yii\\web\\UrlManager::parseRequest','2024-01-09 21:25:04','[::1][-][-]','Pretty URL not enabled. Using default URL parsing logic.'),(22306,'trace','yii\\web\\Application::handleRequest','2024-01-09 21:25:04','[::1][-][-]','Route requested: \'pista/list\''),(22307,'trace','yii\\base\\Controller::runAction','2024-01-09 21:25:04','[::1][-][-]','Route to run: pista/list'),(22308,'trace','yii\\base\\InlineAction::runWithParams','2024-01-09 21:25:04','[::1][-][-]','Running action: app\\controllers\\PistaController::actionList()'),(22309,'trace','yii\\base\\View::renderFile','2024-01-09 21:25:04','[::1][-][-]','Rendering view file: C:\\Users\\raftars77\\Desktop\\Universidad\\Desarrollo de aplicaciones web II\\daw2-2023_03_organizacion_torneos\\basic\\views\\pista\\index.php'),(22310,'trace','yii\\base\\View::renderFile','2024-01-09 21:25:04','[::1][-][-]','Rendering view file: C:\\Users\\raftars77\\Desktop\\Universidad\\Desarrollo de aplicaciones web II\\daw2-2023_03_organizacion_torneos\\basic\\views\\layouts\\main.php'),(22311,'info','application','2024-01-09 21:25:04','[::1][-][-]','$_GET = [\n    \'r\' => \'pista/list\'\n]\n\n$_POST = []\n\n$_FILES = []\n\n$_COOKIE = [\n    \'_identity\' => \'edcd6e27002627862a30d25ea24843c297f13188ba7b9ad3db80f872e5887197a:2:{i:0;s:9:\\\"_identity\\\";i:1;s:28:\\\"[\\\"100\\\",\\\"test100key\\\",2592000]\\\";}\'\n    \'PHPSESSID\' => \'p27m3ek56s4agfdp3ibfcdeuqk\'\n    \'_csrf\' => \'10823acd8f0e343b7e535907e4ca8aa1d32b203d2f40f6850ced295da0c38ee7a:2:{i:0;s:5:\\\"_csrf\\\";i:1;s:32:\\\"6drlzHZ3CVRhQNTp5PCj3eTtMBS41Imr\\\";}\'\n]\n\n$_SESSION = [\n    \'__flash\' => []\n]\n\n$_SERVER = [\n    \'MIBDIRS\' => \'C:/xampp/php/extras/mibs\'\n    \'MYSQL_HOME\' => \'\\\\xampp\\\\mysql\\\\bin\'\n    \'OPENSSL_CONF\' => \'C:/xampp/apache/bin/openssl.cnf\'\n    \'PHP_PEAR_SYSCONF_DIR\' => \'\\\\xampp\\\\php\'\n    \'PHPRC\' => \'\\\\xampp\\\\php\'\n    \'TMP\' => \'\\\\xampp\\\\tmp\'\n    \'HTTP_HOST\' => \'localhost\'\n    \'HTTP_CONNECTION\' => \'keep-alive\'\n    \'HTTP_SEC_CH_UA\' => \'\\\"Not_A Brand\\\";v=\\\"8\\\", \\\"Chromium\\\";v=\\\"120\\\", \\\"Google Chrome\\\";v=\\\"120\\\"\'\n    \'HTTP_SEC_CH_UA_MOBILE\' => \'?0\'\n    \'HTTP_SEC_CH_UA_PLATFORM\' => \'\\\"Windows\\\"\'\n    \'HTTP_UPGRADE_INSECURE_REQUESTS\' => \'1\'\n    \'HTTP_USER_AGENT\' => \'Mozilla/5.0 (Windows NT 10.0; Win64; x64) AppleWebKit/537.36 (KHTML, like Gecko) Chrome/120.0.0.0 Safari/537.36\'\n    \'HTTP_ACCEPT\' => \'text/html,application/xhtml+xml,application/xml;q=0.9,image/avif,image/webp,image/apng,*/*;q=0.8,application/signed-exchange;v=b3;q=0.7\'\n    \'HTTP_SEC_FETCH_SITE\' => \'same-origin\'\n    \'HTTP_SEC_FETCH_MODE\' => \'navigate\'\n    \'HTTP_SEC_FETCH_USER\' => \'?1\'\n    \'HTTP_SEC_FETCH_DEST\' => \'document\'\n    \'HTTP_REFERER\' => \'http://localhost/torneos/basic/web/index.php?r=pista%2Fcreate\'\n    \'HTTP_ACCEPT_ENCODING\' => \'gzip, deflate, br\'\n    \'HTTP_ACCEPT_LANGUAGE\' => \'es-ES,es;q=0.9\'\n    \'HTTP_COOKIE\' => \'_identity=edcd6e27002627862a30d25ea24843c297f13188ba7b9ad3db80f872e5887197a%3A2%3A%7Bi%3A0%3Bs%3A9%3A%22_identity%22%3Bi%3A1%3Bs%3A28%3A%22%5B%22100%22%2C%22test100key%22%2C2592000%5D%22%3B%7D; PHPSESSID=p27m3ek56s4agfdp3ibfcdeuqk; _csrf=10823acd8f0e343b7e535907e4ca8aa1d32b203d2f40f6850ced295da0c38ee7a%3A2%3A%7Bi%3A0%3Bs%3A5%3A%22_csrf%22%3Bi%3A1%3Bs%3A32%3A%226drlzHZ3CVRhQNTp5PCj3eTtMBS41Imr%22%3B%7D\'\n    \'PATH\' => \'C:\\\\Program Files\\\\Common Files\\\\Oracle\\\\Java\\\\javapath;C:\\\\Windows\\\\system32;C:\\\\Windows;C:\\\\Windows\\\\System32\\\\Wbem;C:\\\\Windows\\\\System32\\\\WindowsPowerShell\\\\v1.0\\\\;C:\\\\Windows\\\\System32\\\\OpenSSH\\\\;C:\\\\Program Files (x86)\\\\NVIDIA Corporation\\\\PhysX\\\\Common;C:\\\\Program Files\\\\NVIDIA Corporation\\\\NVIDIA NvDLISR;C:\\\\Program Files\\\\Wolfram Research\\\\WolframScript\\\\;C:\\\\Program Files\\\\Git\\\\cmd;C:\\\\Program Files\\\\dotnet\\\\;C:\\\\Program Files\\\\AutoFirma\\\\AutoFirma;C:\\\\xampp\\\\php;C:\\\\Users\\\\raftars77\\\\AppData\\\\Local\\\\Programs\\\\Python\\\\Python311\\\\Scripts\\\\;C:\\\\Users\\\\raftars77\\\\AppData\\\\Local\\\\Programs\\\\Python\\\\Python311\\\\;C:\\\\Users\\\\raftars77\\\\AppData\\\\Local\\\\Microsoft\\\\WindowsApps;C:\\\\Users\\\\raftars77\\\\AppData\\\\Local\\\\Programs\\\\Microsoft VS Code\\\\bin\'\n    \'SystemRoot\' => \'C:\\\\Windows\'\n    \'COMSPEC\' => \'C:\\\\Windows\\\\system32\\\\cmd.exe\'\n    \'PATHEXT\' => \'.COM;.EXE;.BAT;.CMD;.VBS;.VBE;.JS;.JSE;.WSF;.WSH;.MSC\'\n    \'WINDIR\' => \'C:\\\\Windows\'\n    \'SERVER_SIGNATURE\' => \'<address>Apache/2.4.58 (Win64) OpenSSL/3.1.3 PHP/8.2.12 Server at localhost Port 80</address>\n\'\n    \'SERVER_SOFTWARE\' => \'Apache/2.4.58 (Win64) OpenSSL/3.1.3 PHP/8.2.12\'\n    \'SERVER_NAME\' => \'localhost\'\n    \'SERVER_ADDR\' => \'::1\'\n    \'SERVER_PORT\' => \'80\'\n    \'REMOTE_ADDR\' => \'::1\'\n    \'DOCUMENT_ROOT\' => \'C:/xampp/htdocs\'\n    \'REQUEST_SCHEME\' => \'http\'\n    \'CONTEXT_PREFIX\' => \'/torneos\'\n    \'CONTEXT_DOCUMENT_ROOT\' => \'C:\\\\Users\\\\raftars77\\\\Desktop\\\\Universidad\\\\Desarrollo de aplicaciones web II/daw2-2023_03_organizacion_torneos\'\n    \'SERVER_ADMIN\' => \'postmaster@localhost\'\n    \'SCRIPT_FILENAME\' => \'C:/Users/raftars77/Desktop/Universidad/Desarrollo de aplicaciones web II/daw2-2023_03_organizacion_torneos/basic/web/index.php\'\n    \'REMOTE_PORT\' => \'60488\'\n    \'GATEWAY_INTERFACE\' => \'CGI/1.1\'\n    \'SERVER_PROTOCOL\' => \'HTTP/1.1\'\n    \'REQUEST_METHOD\' => \'GET\'\n    \'QUERY_STRING\' => \'r=pista%2Flist\'\n    \'REQUEST_URI\' => \'/torneos/basic/web/index.php?r=pista%2Flist\'\n    \'SCRIPT_NAME\' => \'/torneos/basic/web/index.php\'\n    \'PHP_SELF\' => \'/torneos/basic/web/index.php\'\n    \'REQUEST_TIME_FLOAT\' => 1704835504.3431\n    \'REQUEST_TIME\' => 1704835504\n]'),(22312,'info','yii\\web\\Session::open','2024-01-09 21:25:05','[::1][-][-]','Session started'),(22313,'info','yii\\db\\Command::query','2024-01-09 21:25:05','[::1][-][-]','SHOW FULL COLUMNS FROM `direccion`'),(22314,'info','yii\\db\\Connection::open','2024-01-09 21:25:05','[::1][-][-]','Opening DB connection: mysql:host=localhost;dbname=daw2_2023_03_organizacion_torneos'),(22315,'info','yii\\db\\Command::query','2024-01-09 21:25:05','[::1][-][-]','SELECT\r\n    `kcu`.`CONSTRAINT_NAME` AS `constraint_name`,\r\n    `kcu`.`COLUMN_NAME` AS `column_name`,\r\n    `kcu`.`REFERENCED_TABLE_NAME` AS `referenced_table_name`,\r\n    `kcu`.`REFERENCED_COLUMN_NAME` AS `referenced_column_name`\r\nFROM `information_schema`.`REFERENTIAL_CONSTRAINTS` AS `rc`\r\nJOIN `information_schema`.`KEY_COLUMN_USAGE` AS `kcu` ON\r\n    (\r\n        `kcu`.`CONSTRAINT_CATALOG` = `rc`.`CONSTRAINT_CATALOG` OR\r\n        (`kcu`.`CONSTRAINT_CATALOG` IS NULL AND `rc`.`CONSTRAINT_CATALOG` IS NULL)\r\n    ) AND\r\n    `kcu`.`CONSTRAINT_SCHEMA` = `rc`.`CONSTRAINT_SCHEMA` AND\r\n    `kcu`.`CONSTRAINT_NAME` = `rc`.`CONSTRAINT_NAME`\r\nWHERE `rc`.`CONSTRAINT_SCHEMA` = database() AND `kcu`.`TABLE_SCHEMA` = database()\r\nAND `rc`.`TABLE_NAME` = \'direccion\' AND `kcu`.`TABLE_NAME` = \'direccion\''),(22316,'info','application','2024-01-09 21:25:05','[::1][-][-]','$_GET = [\n    \'r\' => \'direccion/create\'\n]\n\n$_POST = []\n\n$_FILES = []\n\n$_COOKIE = [\n    \'_identity\' => \'edcd6e27002627862a30d25ea24843c297f13188ba7b9ad3db80f872e5887197a:2:{i:0;s:9:\\\"_identity\\\";i:1;s:28:\\\"[\\\"100\\\",\\\"test100key\\\",2592000]\\\";}\'\n    \'PHPSESSID\' => \'p27m3ek56s4agfdp3ibfcdeuqk\'\n    \'_csrf\' => \'10823acd8f0e343b7e535907e4ca8aa1d32b203d2f40f6850ced295da0c38ee7a:2:{i:0;s:5:\\\"_csrf\\\";i:1;s:32:\\\"6drlzHZ3CVRhQNTp5PCj3eTtMBS41Imr\\\";}\'\n]\n\n$_SESSION = [\n    \'__flash\' => []\n]\n\n$_SERVER = [\n    \'MIBDIRS\' => \'C:/xampp/php/extras/mibs\'\n    \'MYSQL_HOME\' => \'\\\\xampp\\\\mysql\\\\bin\'\n    \'OPENSSL_CONF\' => \'C:/xampp/apache/bin/openssl.cnf\'\n    \'PHP_PEAR_SYSCONF_DIR\' => \'\\\\xampp\\\\php\'\n    \'PHPRC\' => \'\\\\xampp\\\\php\'\n    \'TMP\' => \'\\\\xampp\\\\tmp\'\n    \'HTTP_HOST\' => \'localhost\'\n    \'HTTP_CONNECTION\' => \'keep-alive\'\n    \'HTTP_SEC_CH_UA\' => \'\\\"Not_A Brand\\\";v=\\\"8\\\", \\\"Chromium\\\";v=\\\"120\\\", \\\"Google Chrome\\\";v=\\\"120\\\"\'\n    \'HTTP_SEC_CH_UA_MOBILE\' => \'?0\'\n    \'HTTP_SEC_CH_UA_PLATFORM\' => \'\\\"Windows\\\"\'\n    \'HTTP_UPGRADE_INSECURE_REQUESTS\' => \'1\'\n    \'HTTP_USER_AGENT\' => \'Mozilla/5.0 (Windows NT 10.0; Win64; x64) AppleWebKit/537.36 (KHTML, like Gecko) Chrome/120.0.0.0 Safari/537.36\'\n    \'HTTP_ACCEPT\' => \'text/html,application/xhtml+xml,application/xml;q=0.9,image/avif,image/webp,image/apng,*/*;q=0.8,application/signed-exchange;v=b3;q=0.7\'\n    \'HTTP_SEC_FETCH_SITE\' => \'same-origin\'\n    \'HTTP_SEC_FETCH_MODE\' => \'navigate\'\n    \'HTTP_SEC_FETCH_USER\' => \'?1\'\n    \'HTTP_SEC_FETCH_DEST\' => \'document\'\n    \'HTTP_REFERER\' => \'http://localhost/torneos/basic/web/index.php?r=pista%2Flist\'\n    \'HTTP_ACCEPT_ENCODING\' => \'gzip, deflate, br\'\n    \'HTTP_ACCEPT_LANGUAGE\' => \'es-ES,es;q=0.9\'\n    \'HTTP_COOKIE\' => \'_identity=edcd6e27002627862a30d25ea24843c297f13188ba7b9ad3db80f872e5887197a%3A2%3A%7Bi%3A0%3Bs%3A9%3A%22_identity%22%3Bi%3A1%3Bs%3A28%3A%22%5B%22100%22%2C%22test100key%22%2C2592000%5D%22%3B%7D; PHPSESSID=p27m3ek56s4agfdp3ibfcdeuqk; _csrf=10823acd8f0e343b7e535907e4ca8aa1d32b203d2f40f6850ced295da0c38ee7a%3A2%3A%7Bi%3A0%3Bs%3A5%3A%22_csrf%22%3Bi%3A1%3Bs%3A32%3A%226drlzHZ3CVRhQNTp5PCj3eTtMBS41Imr%22%3B%7D\'\n    \'PATH\' => \'C:\\\\Program Files\\\\Common Files\\\\Oracle\\\\Java\\\\javapath;C:\\\\Windows\\\\system32;C:\\\\Windows;C:\\\\Windows\\\\System32\\\\Wbem;C:\\\\Windows\\\\System32\\\\WindowsPowerShell\\\\v1.0\\\\;C:\\\\Windows\\\\System32\\\\OpenSSH\\\\;C:\\\\Program Files (x86)\\\\NVIDIA Corporation\\\\PhysX\\\\Common;C:\\\\Program Files\\\\NVIDIA Corporation\\\\NVIDIA NvDLISR;C:\\\\Program Files\\\\Wolfram Research\\\\WolframScript\\\\;C:\\\\Program Files\\\\Git\\\\cmd;C:\\\\Program Files\\\\dotnet\\\\;C:\\\\Program Files\\\\AutoFirma\\\\AutoFirma;C:\\\\xampp\\\\php;C:\\\\Users\\\\raftars77\\\\AppData\\\\Local\\\\Programs\\\\Python\\\\Python311\\\\Scripts\\\\;C:\\\\Users\\\\raftars77\\\\AppData\\\\Local\\\\Programs\\\\Python\\\\Python311\\\\;C:\\\\Users\\\\raftars77\\\\AppData\\\\Local\\\\Microsoft\\\\WindowsApps;C:\\\\Users\\\\raftars77\\\\AppData\\\\Local\\\\Programs\\\\Microsoft VS Code\\\\bin\'\n    \'SystemRoot\' => \'C:\\\\Windows\'\n    \'COMSPEC\' => \'C:\\\\Windows\\\\system32\\\\cmd.exe\'\n    \'PATHEXT\' => \'.COM;.EXE;.BAT;.CMD;.VBS;.VBE;.JS;.JSE;.WSF;.WSH;.MSC\'\n    \'WINDIR\' => \'C:\\\\Windows\'\n    \'SERVER_SIGNATURE\' => \'<address>Apache/2.4.58 (Win64) OpenSSL/3.1.3 PHP/8.2.12 Server at localhost Port 80</address>\n\'\n    \'SERVER_SOFTWARE\' => \'Apache/2.4.58 (Win64) OpenSSL/3.1.3 PHP/8.2.12\'\n    \'SERVER_NAME\' => \'localhost\'\n    \'SERVER_ADDR\' => \'::1\'\n    \'SERVER_PORT\' => \'80\'\n    \'REMOTE_ADDR\' => \'::1\'\n    \'DOCUMENT_ROOT\' => \'C:/xampp/htdocs\'\n    \'REQUEST_SCHEME\' => \'http\'\n    \'CONTEXT_PREFIX\' => \'/torneos\'\n    \'CONTEXT_DOCUMENT_ROOT\' => \'C:\\\\Users\\\\raftars77\\\\Desktop\\\\Universidad\\\\Desarrollo de aplicaciones web II/daw2-2023_03_organizacion_torneos\'\n    \'SERVER_ADMIN\' => \'postmaster@localhost\'\n    \'SCRIPT_FILENAME\' => \'C:/Users/raftars77/Desktop/Universidad/Desarrollo de aplicaciones web II/daw2-2023_03_organizacion_torneos/basic/web/index.php\'\n    \'REMOTE_PORT\' => \'60489\'\n    \'GATEWAY_INTERFACE\' => \'CGI/1.1\'\n    \'SERVER_PROTOCOL\' => \'HTTP/1.1\'\n    \'REQUEST_METHOD\' => \'GET\'\n    \'QUERY_STRING\' => \'r=direccion%2Fcreate\'\n    \'REQUEST_URI\' => \'/torneos/basic/web/index.php?r=direccion%2Fcreate\'\n    \'SCRIPT_NAME\' => \'/torneos/basic/web/index.php\'\n    \'PHP_SELF\' => \'/torneos/basic/web/index.php\'\n    \'REQUEST_TIME_FLOAT\' => 1704835505.2394\n    \'REQUEST_TIME\' => 1704835505\n]'),(22317,'trace','yii\\base\\Application::bootstrap','2024-01-09 21:25:05','[::1][-][-]','Bootstrap with yii\\bootstrap5\\i18n\\TranslationBootstrap::bootstrap()'),(22318,'trace','yii\\base\\Application::bootstrap','2024-01-09 21:25:05','[::1][-][-]','Bootstrap with yii\\log\\Dispatcher'),(22319,'trace','yii\\base\\Module::getModule','2024-01-09 21:25:05','[::1][-][-]','Loading module: debug'),(22320,'trace','yii\\base\\Application::bootstrap','2024-01-09 21:25:05','[::1][-][-]','Bootstrap with yii\\debug\\Module::bootstrap()'),(22321,'trace','yii\\base\\Module::getModule','2024-01-09 21:25:05','[::1][-][-]','Loading module: gii'),(22322,'trace','yii\\base\\Application::bootstrap','2024-01-09 21:25:05','[::1][-][-]','Bootstrap with yii\\gii\\Module::bootstrap()'),(22323,'trace','yii\\web\\UrlManager::parseRequest','2024-01-09 21:25:05','[::1][-][-]','Pretty URL not enabled. Using default URL parsing logic.'),(22324,'trace','yii\\web\\Application::handleRequest','2024-01-09 21:25:05','[::1][-][-]','Route requested: \'direccion/create\''),(22325,'trace','yii\\base\\Controller::runAction','2024-01-09 21:25:05','[::1][-][-]','Route to run: direccion/create'),(22326,'trace','yii\\base\\InlineAction::runWithParams','2024-01-09 21:25:05','[::1][-][-]','Running action: app\\controllers\\DireccionController::actionCreate()'),(22327,'trace','yii\\base\\View::renderFile','2024-01-09 21:25:05','[::1][-][-]','Rendering view file: C:\\Users\\raftars77\\Desktop\\Universidad\\Desarrollo de aplicaciones web II\\daw2-2023_03_organizacion_torneos\\basic\\views\\direccion\\create.php'),(22328,'trace','yii\\base\\View::renderFile','2024-01-09 21:25:05','[::1][-][-]','Rendering view file: C:\\Users\\raftars77\\Desktop\\Universidad\\Desarrollo de aplicaciones web II\\daw2-2023_03_organizacion_torneos\\basic\\views\\direccion\\_form.php'),(22329,'trace','yii\\base\\View::renderFile','2024-01-09 21:25:05','[::1][-][-]','Rendering view file: C:\\Users\\raftars77\\Desktop\\Universidad\\Desarrollo de aplicaciones web II\\daw2-2023_03_organizacion_torneos\\basic\\views\\layouts\\main.php'),(22330,'info','application','2024-01-09 21:25:05','[::1][-][-]','$_GET = [\n    \'r\' => \'direccion/create\'\n]\n\n$_POST = []\n\n$_FILES = []\n\n$_COOKIE = [\n    \'_identity\' => \'edcd6e27002627862a30d25ea24843c297f13188ba7b9ad3db80f872e5887197a:2:{i:0;s:9:\\\"_identity\\\";i:1;s:28:\\\"[\\\"100\\\",\\\"test100key\\\",2592000]\\\";}\'\n    \'PHPSESSID\' => \'p27m3ek56s4agfdp3ibfcdeuqk\'\n    \'_csrf\' => \'10823acd8f0e343b7e535907e4ca8aa1d32b203d2f40f6850ced295da0c38ee7a:2:{i:0;s:5:\\\"_csrf\\\";i:1;s:32:\\\"6drlzHZ3CVRhQNTp5PCj3eTtMBS41Imr\\\";}\'\n]\n\n$_SESSION = [\n    \'__flash\' => []\n]\n\n$_SERVER = [\n    \'MIBDIRS\' => \'C:/xampp/php/extras/mibs\'\n    \'MYSQL_HOME\' => \'\\\\xampp\\\\mysql\\\\bin\'\n    \'OPENSSL_CONF\' => \'C:/xampp/apache/bin/openssl.cnf\'\n    \'PHP_PEAR_SYSCONF_DIR\' => \'\\\\xampp\\\\php\'\n    \'PHPRC\' => \'\\\\xampp\\\\php\'\n    \'TMP\' => \'\\\\xampp\\\\tmp\'\n    \'HTTP_HOST\' => \'localhost\'\n    \'HTTP_CONNECTION\' => \'keep-alive\'\n    \'HTTP_SEC_CH_UA\' => \'\\\"Not_A Brand\\\";v=\\\"8\\\", \\\"Chromium\\\";v=\\\"120\\\", \\\"Google Chrome\\\";v=\\\"120\\\"\'\n    \'HTTP_SEC_CH_UA_MOBILE\' => \'?0\'\n    \'HTTP_SEC_CH_UA_PLATFORM\' => \'\\\"Windows\\\"\'\n    \'HTTP_UPGRADE_INSECURE_REQUESTS\' => \'1\'\n    \'HTTP_USER_AGENT\' => \'Mozilla/5.0 (Windows NT 10.0; Win64; x64) AppleWebKit/537.36 (KHTML, like Gecko) Chrome/120.0.0.0 Safari/537.36\'\n    \'HTTP_ACCEPT\' => \'text/html,application/xhtml+xml,application/xml;q=0.9,image/avif,image/webp,image/apng,*/*;q=0.8,application/signed-exchange;v=b3;q=0.7\'\n    \'HTTP_SEC_FETCH_SITE\' => \'same-origin\'\n    \'HTTP_SEC_FETCH_MODE\' => \'navigate\'\n    \'HTTP_SEC_FETCH_USER\' => \'?1\'\n    \'HTTP_SEC_FETCH_DEST\' => \'document\'\n    \'HTTP_REFERER\' => \'http://localhost/torneos/basic/web/index.php?r=pista%2Flist\'\n    \'HTTP_ACCEPT_ENCODING\' => \'gzip, deflate, br\'\n    \'HTTP_ACCEPT_LANGUAGE\' => \'es-ES,es;q=0.9\'\n    \'HTTP_COOKIE\' => \'_identity=edcd6e27002627862a30d25ea24843c297f13188ba7b9ad3db80f872e5887197a%3A2%3A%7Bi%3A0%3Bs%3A9%3A%22_identity%22%3Bi%3A1%3Bs%3A28%3A%22%5B%22100%22%2C%22test100key%22%2C2592000%5D%22%3B%7D; PHPSESSID=p27m3ek56s4agfdp3ibfcdeuqk; _csrf=10823acd8f0e343b7e535907e4ca8aa1d32b203d2f40f6850ced295da0c38ee7a%3A2%3A%7Bi%3A0%3Bs%3A5%3A%22_csrf%22%3Bi%3A1%3Bs%3A32%3A%226drlzHZ3CVRhQNTp5PCj3eTtMBS41Imr%22%3B%7D\'\n    \'PATH\' => \'C:\\\\Program Files\\\\Common Files\\\\Oracle\\\\Java\\\\javapath;C:\\\\Windows\\\\system32;C:\\\\Windows;C:\\\\Windows\\\\System32\\\\Wbem;C:\\\\Windows\\\\System32\\\\WindowsPowerShell\\\\v1.0\\\\;C:\\\\Windows\\\\System32\\\\OpenSSH\\\\;C:\\\\Program Files (x86)\\\\NVIDIA Corporation\\\\PhysX\\\\Common;C:\\\\Program Files\\\\NVIDIA Corporation\\\\NVIDIA NvDLISR;C:\\\\Program Files\\\\Wolfram Research\\\\WolframScript\\\\;C:\\\\Program Files\\\\Git\\\\cmd;C:\\\\Program Files\\\\dotnet\\\\;C:\\\\Program Files\\\\AutoFirma\\\\AutoFirma;C:\\\\xampp\\\\php;C:\\\\Users\\\\raftars77\\\\AppData\\\\Local\\\\Programs\\\\Python\\\\Python311\\\\Scripts\\\\;C:\\\\Users\\\\raftars77\\\\AppData\\\\Local\\\\Programs\\\\Python\\\\Python311\\\\;C:\\\\Users\\\\raftars77\\\\AppData\\\\Local\\\\Microsoft\\\\WindowsApps;C:\\\\Users\\\\raftars77\\\\AppData\\\\Local\\\\Programs\\\\Microsoft VS Code\\\\bin\'\n    \'SystemRoot\' => \'C:\\\\Windows\'\n    \'COMSPEC\' => \'C:\\\\Windows\\\\system32\\\\cmd.exe\'\n    \'PATHEXT\' => \'.COM;.EXE;.BAT;.CMD;.VBS;.VBE;.JS;.JSE;.WSF;.WSH;.MSC\'\n    \'WINDIR\' => \'C:\\\\Windows\'\n    \'SERVER_SIGNATURE\' => \'<address>Apache/2.4.58 (Win64) OpenSSL/3.1.3 PHP/8.2.12 Server at localhost Port 80</address>\n\'\n    \'SERVER_SOFTWARE\' => \'Apache/2.4.58 (Win64) OpenSSL/3.1.3 PHP/8.2.12\'\n    \'SERVER_NAME\' => \'localhost\'\n    \'SERVER_ADDR\' => \'::1\'\n    \'SERVER_PORT\' => \'80\'\n    \'REMOTE_ADDR\' => \'::1\'\n    \'DOCUMENT_ROOT\' => \'C:/xampp/htdocs\'\n    \'REQUEST_SCHEME\' => \'http\'\n    \'CONTEXT_PREFIX\' => \'/torneos\'\n    \'CONTEXT_DOCUMENT_ROOT\' => \'C:\\\\Users\\\\raftars77\\\\Desktop\\\\Universidad\\\\Desarrollo de aplicaciones web II/daw2-2023_03_organizacion_torneos\'\n    \'SERVER_ADMIN\' => \'postmaster@localhost\'\n    \'SCRIPT_FILENAME\' => \'C:/Users/raftars77/Desktop/Universidad/Desarrollo de aplicaciones web II/daw2-2023_03_organizacion_torneos/basic/web/index.php\'\n    \'REMOTE_PORT\' => \'60489\'\n    \'GATEWAY_INTERFACE\' => \'CGI/1.1\'\n    \'SERVER_PROTOCOL\' => \'HTTP/1.1\'\n    \'REQUEST_METHOD\' => \'GET\'\n    \'QUERY_STRING\' => \'r=direccion%2Fcreate\'\n    \'REQUEST_URI\' => \'/torneos/basic/web/index.php?r=direccion%2Fcreate\'\n    \'SCRIPT_NAME\' => \'/torneos/basic/web/index.php\'\n    \'PHP_SELF\' => \'/torneos/basic/web/index.php\'\n    \'REQUEST_TIME_FLOAT\' => 1704835505.2394\n    \'REQUEST_TIME\' => 1704835505\n]'),(22331,'info','yii\\web\\Session::open','2024-01-09 21:25:06','[::1][-][-]','Session started'),(22332,'info','yii\\db\\Command::query','2024-01-09 21:25:06','[::1][-][-]','SHOW FULL COLUMNS FROM `direccion`'),(22333,'info','yii\\db\\Connection::open','2024-01-09 21:25:06','[::1][-][-]','Opening DB connection: mysql:host=localhost;dbname=daw2_2023_03_organizacion_torneos'),(22334,'info','yii\\db\\Command::query','2024-01-09 21:25:06','[::1][-][-]','SELECT\r\n    `kcu`.`CONSTRAINT_NAME` AS `constraint_name`,\r\n    `kcu`.`COLUMN_NAME` AS `column_name`,\r\n    `kcu`.`REFERENCED_TABLE_NAME` AS `referenced_table_name`,\r\n    `kcu`.`REFERENCED_COLUMN_NAME` AS `referenced_column_name`\r\nFROM `information_schema`.`REFERENTIAL_CONSTRAINTS` AS `rc`\r\nJOIN `information_schema`.`KEY_COLUMN_USAGE` AS `kcu` ON\r\n    (\r\n        `kcu`.`CONSTRAINT_CATALOG` = `rc`.`CONSTRAINT_CATALOG` OR\r\n        (`kcu`.`CONSTRAINT_CATALOG` IS NULL AND `rc`.`CONSTRAINT_CATALOG` IS NULL)\r\n    ) AND\r\n    `kcu`.`CONSTRAINT_SCHEMA` = `rc`.`CONSTRAINT_SCHEMA` AND\r\n    `kcu`.`CONSTRAINT_NAME` = `rc`.`CONSTRAINT_NAME`\r\nWHERE `rc`.`CONSTRAINT_SCHEMA` = database() AND `kcu`.`TABLE_SCHEMA` = database()\r\nAND `rc`.`TABLE_NAME` = \'direccion\' AND `kcu`.`TABLE_NAME` = \'direccion\''),(22335,'info','yii\\db\\Command::query','2024-01-09 21:25:06','[::1][-][-]','SELECT COUNT(*) FROM `direccion`'),(22336,'info','yii\\db\\Command::query','2024-01-09 21:25:06','[::1][-][-]','SELECT * FROM `direccion` LIMIT 20'),(22337,'info','application','2024-01-09 21:25:06','[::1][-][-]','$_GET = [\n    \'r\' => \'direccion/index\'\n]\n\n$_POST = []\n\n$_FILES = []\n\n$_COOKIE = [\n    \'_identity\' => \'edcd6e27002627862a30d25ea24843c297f13188ba7b9ad3db80f872e5887197a:2:{i:0;s:9:\\\"_identity\\\";i:1;s:28:\\\"[\\\"100\\\",\\\"test100key\\\",2592000]\\\";}\'\n    \'PHPSESSID\' => \'p27m3ek56s4agfdp3ibfcdeuqk\'\n    \'_csrf\' => \'10823acd8f0e343b7e535907e4ca8aa1d32b203d2f40f6850ced295da0c38ee7a:2:{i:0;s:5:\\\"_csrf\\\";i:1;s:32:\\\"6drlzHZ3CVRhQNTp5PCj3eTtMBS41Imr\\\";}\'\n]\n\n$_SESSION = [\n    \'__flash\' => []\n]\n\n$_SERVER = [\n    \'MIBDIRS\' => \'C:/xampp/php/extras/mibs\'\n    \'MYSQL_HOME\' => \'\\\\xampp\\\\mysql\\\\bin\'\n    \'OPENSSL_CONF\' => \'C:/xampp/apache/bin/openssl.cnf\'\n    \'PHP_PEAR_SYSCONF_DIR\' => \'\\\\xampp\\\\php\'\n    \'PHPRC\' => \'\\\\xampp\\\\php\'\n    \'TMP\' => \'\\\\xampp\\\\tmp\'\n    \'HTTP_HOST\' => \'localhost\'\n    \'HTTP_CONNECTION\' => \'keep-alive\'\n    \'HTTP_SEC_CH_UA\' => \'\\\"Not_A Brand\\\";v=\\\"8\\\", \\\"Chromium\\\";v=\\\"120\\\", \\\"Google Chrome\\\";v=\\\"120\\\"\'\n    \'HTTP_SEC_CH_UA_MOBILE\' => \'?0\'\n    \'HTTP_SEC_CH_UA_PLATFORM\' => \'\\\"Windows\\\"\'\n    \'HTTP_UPGRADE_INSECURE_REQUESTS\' => \'1\'\n    \'HTTP_USER_AGENT\' => \'Mozilla/5.0 (Windows NT 10.0; Win64; x64) AppleWebKit/537.36 (KHTML, like Gecko) Chrome/120.0.0.0 Safari/537.36\'\n    \'HTTP_ACCEPT\' => \'text/html,application/xhtml+xml,application/xml;q=0.9,image/avif,image/webp,image/apng,*/*;q=0.8,application/signed-exchange;v=b3;q=0.7\'\n    \'HTTP_SEC_FETCH_SITE\' => \'same-origin\'\n    \'HTTP_SEC_FETCH_MODE\' => \'navigate\'\n    \'HTTP_SEC_FETCH_USER\' => \'?1\'\n    \'HTTP_SEC_FETCH_DEST\' => \'document\'\n    \'HTTP_REFERER\' => \'http://localhost/torneos/basic/web/index.php?r=direccion%2Fcreate\'\n    \'HTTP_ACCEPT_ENCODING\' => \'gzip, deflate, br\'\n    \'HTTP_ACCEPT_LANGUAGE\' => \'es-ES,es;q=0.9\'\n    \'HTTP_COOKIE\' => \'_identity=edcd6e27002627862a30d25ea24843c297f13188ba7b9ad3db80f872e5887197a%3A2%3A%7Bi%3A0%3Bs%3A9%3A%22_identity%22%3Bi%3A1%3Bs%3A28%3A%22%5B%22100%22%2C%22test100key%22%2C2592000%5D%22%3B%7D; PHPSESSID=p27m3ek56s4agfdp3ibfcdeuqk; _csrf=10823acd8f0e343b7e535907e4ca8aa1d32b203d2f40f6850ced295da0c38ee7a%3A2%3A%7Bi%3A0%3Bs%3A5%3A%22_csrf%22%3Bi%3A1%3Bs%3A32%3A%226drlzHZ3CVRhQNTp5PCj3eTtMBS41Imr%22%3B%7D\'\n    \'PATH\' => \'C:\\\\Program Files\\\\Common Files\\\\Oracle\\\\Java\\\\javapath;C:\\\\Windows\\\\system32;C:\\\\Windows;C:\\\\Windows\\\\System32\\\\Wbem;C:\\\\Windows\\\\System32\\\\WindowsPowerShell\\\\v1.0\\\\;C:\\\\Windows\\\\System32\\\\OpenSSH\\\\;C:\\\\Program Files (x86)\\\\NVIDIA Corporation\\\\PhysX\\\\Common;C:\\\\Program Files\\\\NVIDIA Corporation\\\\NVIDIA NvDLISR;C:\\\\Program Files\\\\Wolfram Research\\\\WolframScript\\\\;C:\\\\Program Files\\\\Git\\\\cmd;C:\\\\Program Files\\\\dotnet\\\\;C:\\\\Program Files\\\\AutoFirma\\\\AutoFirma;C:\\\\xampp\\\\php;C:\\\\Users\\\\raftars77\\\\AppData\\\\Local\\\\Programs\\\\Python\\\\Python311\\\\Scripts\\\\;C:\\\\Users\\\\raftars77\\\\AppData\\\\Local\\\\Programs\\\\Python\\\\Python311\\\\;C:\\\\Users\\\\raftars77\\\\AppData\\\\Local\\\\Microsoft\\\\WindowsApps;C:\\\\Users\\\\raftars77\\\\AppData\\\\Local\\\\Programs\\\\Microsoft VS Code\\\\bin\'\n    \'SystemRoot\' => \'C:\\\\Windows\'\n    \'COMSPEC\' => \'C:\\\\Windows\\\\system32\\\\cmd.exe\'\n    \'PATHEXT\' => \'.COM;.EXE;.BAT;.CMD;.VBS;.VBE;.JS;.JSE;.WSF;.WSH;.MSC\'\n    \'WINDIR\' => \'C:\\\\Windows\'\n    \'SERVER_SIGNATURE\' => \'<address>Apache/2.4.58 (Win64) OpenSSL/3.1.3 PHP/8.2.12 Server at localhost Port 80</address>\n\'\n    \'SERVER_SOFTWARE\' => \'Apache/2.4.58 (Win64) OpenSSL/3.1.3 PHP/8.2.12\'\n    \'SERVER_NAME\' => \'localhost\'\n    \'SERVER_ADDR\' => \'::1\'\n    \'SERVER_PORT\' => \'80\'\n    \'REMOTE_ADDR\' => \'::1\'\n    \'DOCUMENT_ROOT\' => \'C:/xampp/htdocs\'\n    \'REQUEST_SCHEME\' => \'http\'\n    \'CONTEXT_PREFIX\' => \'/torneos\'\n    \'CONTEXT_DOCUMENT_ROOT\' => \'C:\\\\Users\\\\raftars77\\\\Desktop\\\\Universidad\\\\Desarrollo de aplicaciones web II/daw2-2023_03_organizacion_torneos\'\n    \'SERVER_ADMIN\' => \'postmaster@localhost\'\n    \'SCRIPT_FILENAME\' => \'C:/Users/raftars77/Desktop/Universidad/Desarrollo de aplicaciones web II/daw2-2023_03_organizacion_torneos/basic/web/index.php\'\n    \'REMOTE_PORT\' => \'60488\'\n    \'GATEWAY_INTERFACE\' => \'CGI/1.1\'\n    \'SERVER_PROTOCOL\' => \'HTTP/1.1\'\n    \'REQUEST_METHOD\' => \'GET\'\n    \'QUERY_STRING\' => \'r=direccion%2Findex\'\n    \'REQUEST_URI\' => \'/torneos/basic/web/index.php?r=direccion%2Findex\'\n    \'SCRIPT_NAME\' => \'/torneos/basic/web/index.php\'\n    \'PHP_SELF\' => \'/torneos/basic/web/index.php\'\n    \'REQUEST_TIME_FLOAT\' => 1704835506.1183\n    \'REQUEST_TIME\' => 1704835506\n]'),(22338,'trace','yii\\base\\Application::bootstrap','2024-01-09 21:25:06','[::1][-][-]','Bootstrap with yii\\bootstrap5\\i18n\\TranslationBootstrap::bootstrap()'),(22339,'trace','yii\\base\\Application::bootstrap','2024-01-09 21:25:06','[::1][-][-]','Bootstrap with yii\\log\\Dispatcher'),(22340,'trace','yii\\base\\Module::getModule','2024-01-09 21:25:06','[::1][-][-]','Loading module: debug'),(22341,'trace','yii\\base\\Application::bootstrap','2024-01-09 21:25:06','[::1][-][-]','Bootstrap with yii\\debug\\Module::bootstrap()'),(22342,'trace','yii\\base\\Module::getModule','2024-01-09 21:25:06','[::1][-][-]','Loading module: gii'),(22343,'trace','yii\\base\\Application::bootstrap','2024-01-09 21:25:06','[::1][-][-]','Bootstrap with yii\\gii\\Module::bootstrap()'),(22344,'trace','yii\\web\\UrlManager::parseRequest','2024-01-09 21:25:06','[::1][-][-]','Pretty URL not enabled. Using default URL parsing logic.'),(22345,'trace','yii\\web\\Application::handleRequest','2024-01-09 21:25:06','[::1][-][-]','Route requested: \'direccion/index\''),(22346,'trace','yii\\base\\Controller::runAction','2024-01-09 21:25:06','[::1][-][-]','Route to run: direccion/index'),(22347,'trace','yii\\base\\InlineAction::runWithParams','2024-01-09 21:25:06','[::1][-][-]','Running action: app\\controllers\\DireccionController::actionIndex()'),(22348,'trace','yii\\base\\View::renderFile','2024-01-09 21:25:06','[::1][-][-]','Rendering view file: C:\\Users\\raftars77\\Desktop\\Universidad\\Desarrollo de aplicaciones web II\\daw2-2023_03_organizacion_torneos\\basic\\views\\direccion\\index.php'),(22349,'trace','yii\\base\\View::renderFile','2024-01-09 21:25:06','[::1][-][-]','Rendering view file: C:\\Users\\raftars77\\Desktop\\Universidad\\Desarrollo de aplicaciones web II\\daw2-2023_03_organizacion_torneos\\basic\\views\\layouts\\main.php'),(22350,'info','application','2024-01-09 21:25:06','[::1][-][-]','$_GET = [\n    \'r\' => \'direccion/index\'\n]\n\n$_POST = []\n\n$_FILES = []\n\n$_COOKIE = [\n    \'_identity\' => \'edcd6e27002627862a30d25ea24843c297f13188ba7b9ad3db80f872e5887197a:2:{i:0;s:9:\\\"_identity\\\";i:1;s:28:\\\"[\\\"100\\\",\\\"test100key\\\",2592000]\\\";}\'\n    \'PHPSESSID\' => \'p27m3ek56s4agfdp3ibfcdeuqk\'\n    \'_csrf\' => \'10823acd8f0e343b7e535907e4ca8aa1d32b203d2f40f6850ced295da0c38ee7a:2:{i:0;s:5:\\\"_csrf\\\";i:1;s:32:\\\"6drlzHZ3CVRhQNTp5PCj3eTtMBS41Imr\\\";}\'\n]\n\n$_SESSION = [\n    \'__flash\' => []\n]\n\n$_SERVER = [\n    \'MIBDIRS\' => \'C:/xampp/php/extras/mibs\'\n    \'MYSQL_HOME\' => \'\\\\xampp\\\\mysql\\\\bin\'\n    \'OPENSSL_CONF\' => \'C:/xampp/apache/bin/openssl.cnf\'\n    \'PHP_PEAR_SYSCONF_DIR\' => \'\\\\xampp\\\\php\'\n    \'PHPRC\' => \'\\\\xampp\\\\php\'\n    \'TMP\' => \'\\\\xampp\\\\tmp\'\n    \'HTTP_HOST\' => \'localhost\'\n    \'HTTP_CONNECTION\' => \'keep-alive\'\n    \'HTTP_SEC_CH_UA\' => \'\\\"Not_A Brand\\\";v=\\\"8\\\", \\\"Chromium\\\";v=\\\"120\\\", \\\"Google Chrome\\\";v=\\\"120\\\"\'\n    \'HTTP_SEC_CH_UA_MOBILE\' => \'?0\'\n    \'HTTP_SEC_CH_UA_PLATFORM\' => \'\\\"Windows\\\"\'\n    \'HTTP_UPGRADE_INSECURE_REQUESTS\' => \'1\'\n    \'HTTP_USER_AGENT\' => \'Mozilla/5.0 (Windows NT 10.0; Win64; x64) AppleWebKit/537.36 (KHTML, like Gecko) Chrome/120.0.0.0 Safari/537.36\'\n    \'HTTP_ACCEPT\' => \'text/html,application/xhtml+xml,application/xml;q=0.9,image/avif,image/webp,image/apng,*/*;q=0.8,application/signed-exchange;v=b3;q=0.7\'\n    \'HTTP_SEC_FETCH_SITE\' => \'same-origin\'\n    \'HTTP_SEC_FETCH_MODE\' => \'navigate\'\n    \'HTTP_SEC_FETCH_USER\' => \'?1\'\n    \'HTTP_SEC_FETCH_DEST\' => \'document\'\n    \'HTTP_REFERER\' => \'http://localhost/torneos/basic/web/index.php?r=direccion%2Fcreate\'\n    \'HTTP_ACCEPT_ENCODING\' => \'gzip, deflate, br\'\n    \'HTTP_ACCEPT_LANGUAGE\' => \'es-ES,es;q=0.9\'\n    \'HTTP_COOKIE\' => \'_identity=edcd6e27002627862a30d25ea24843c297f13188ba7b9ad3db80f872e5887197a%3A2%3A%7Bi%3A0%3Bs%3A9%3A%22_identity%22%3Bi%3A1%3Bs%3A28%3A%22%5B%22100%22%2C%22test100key%22%2C2592000%5D%22%3B%7D; PHPSESSID=p27m3ek56s4agfdp3ibfcdeuqk; _csrf=10823acd8f0e343b7e535907e4ca8aa1d32b203d2f40f6850ced295da0c38ee7a%3A2%3A%7Bi%3A0%3Bs%3A5%3A%22_csrf%22%3Bi%3A1%3Bs%3A32%3A%226drlzHZ3CVRhQNTp5PCj3eTtMBS41Imr%22%3B%7D\'\n    \'PATH\' => \'C:\\\\Program Files\\\\Common Files\\\\Oracle\\\\Java\\\\javapath;C:\\\\Windows\\\\system32;C:\\\\Windows;C:\\\\Windows\\\\System32\\\\Wbem;C:\\\\Windows\\\\System32\\\\WindowsPowerShell\\\\v1.0\\\\;C:\\\\Windows\\\\System32\\\\OpenSSH\\\\;C:\\\\Program Files (x86)\\\\NVIDIA Corporation\\\\PhysX\\\\Common;C:\\\\Program Files\\\\NVIDIA Corporation\\\\NVIDIA NvDLISR;C:\\\\Program Files\\\\Wolfram Research\\\\WolframScript\\\\;C:\\\\Program Files\\\\Git\\\\cmd;C:\\\\Program Files\\\\dotnet\\\\;C:\\\\Program Files\\\\AutoFirma\\\\AutoFirma;C:\\\\xampp\\\\php;C:\\\\Users\\\\raftars77\\\\AppData\\\\Local\\\\Programs\\\\Python\\\\Python311\\\\Scripts\\\\;C:\\\\Users\\\\raftars77\\\\AppData\\\\Local\\\\Programs\\\\Python\\\\Python311\\\\;C:\\\\Users\\\\raftars77\\\\AppData\\\\Local\\\\Microsoft\\\\WindowsApps;C:\\\\Users\\\\raftars77\\\\AppData\\\\Local\\\\Programs\\\\Microsoft VS Code\\\\bin\'\n    \'SystemRoot\' => \'C:\\\\Windows\'\n    \'COMSPEC\' => \'C:\\\\Windows\\\\system32\\\\cmd.exe\'\n    \'PATHEXT\' => \'.COM;.EXE;.BAT;.CMD;.VBS;.VBE;.JS;.JSE;.WSF;.WSH;.MSC\'\n    \'WINDIR\' => \'C:\\\\Windows\'\n    \'SERVER_SIGNATURE\' => \'<address>Apache/2.4.58 (Win64) OpenSSL/3.1.3 PHP/8.2.12 Server at localhost Port 80</address>\n\'\n    \'SERVER_SOFTWARE\' => \'Apache/2.4.58 (Win64) OpenSSL/3.1.3 PHP/8.2.12\'\n    \'SERVER_NAME\' => \'localhost\'\n    \'SERVER_ADDR\' => \'::1\'\n    \'SERVER_PORT\' => \'80\'\n    \'REMOTE_ADDR\' => \'::1\'\n    \'DOCUMENT_ROOT\' => \'C:/xampp/htdocs\'\n    \'REQUEST_SCHEME\' => \'http\'\n    \'CONTEXT_PREFIX\' => \'/torneos\'\n    \'CONTEXT_DOCUMENT_ROOT\' => \'C:\\\\Users\\\\raftars77\\\\Desktop\\\\Universidad\\\\Desarrollo de aplicaciones web II/daw2-2023_03_organizacion_torneos\'\n    \'SERVER_ADMIN\' => \'postmaster@localhost\'\n    \'SCRIPT_FILENAME\' => \'C:/Users/raftars77/Desktop/Universidad/Desarrollo de aplicaciones web II/daw2-2023_03_organizacion_torneos/basic/web/index.php\'\n    \'REMOTE_PORT\' => \'60488\'\n    \'GATEWAY_INTERFACE\' => \'CGI/1.1\'\n    \'SERVER_PROTOCOL\' => \'HTTP/1.1\'\n    \'REQUEST_METHOD\' => \'GET\'\n    \'QUERY_STRING\' => \'r=direccion%2Findex\'\n    \'REQUEST_URI\' => \'/torneos/basic/web/index.php?r=direccion%2Findex\'\n    \'SCRIPT_NAME\' => \'/torneos/basic/web/index.php\'\n    \'PHP_SELF\' => \'/torneos/basic/web/index.php\'\n    \'REQUEST_TIME_FLOAT\' => 1704835506.1183\n    \'REQUEST_TIME\' => 1704835506\n]'),(22351,'info','yii\\web\\Session::open','2024-01-09 21:25:07','[::1][-][-]','Session started'),(22352,'info','yii\\db\\Command::query','2024-01-09 21:25:07','[::1][-][-]','SHOW FULL COLUMNS FROM `pista`'),(22353,'info','yii\\db\\Connection::open','2024-01-09 21:25:07','[::1][-][-]','Opening DB connection: mysql:host=localhost;dbname=daw2_2023_03_organizacion_torneos'),(22354,'info','yii\\db\\Command::query','2024-01-09 21:25:07','[::1][-][-]','SELECT\r\n    `kcu`.`CONSTRAINT_NAME` AS `constraint_name`,\r\n    `kcu`.`COLUMN_NAME` AS `column_name`,\r\n    `kcu`.`REFERENCED_TABLE_NAME` AS `referenced_table_name`,\r\n    `kcu`.`REFERENCED_COLUMN_NAME` AS `referenced_column_name`\r\nFROM `information_schema`.`REFERENTIAL_CONSTRAINTS` AS `rc`\r\nJOIN `information_schema`.`KEY_COLUMN_USAGE` AS `kcu` ON\r\n    (\r\n        `kcu`.`CONSTRAINT_CATALOG` = `rc`.`CONSTRAINT_CATALOG` OR\r\n        (`kcu`.`CONSTRAINT_CATALOG` IS NULL AND `rc`.`CONSTRAINT_CATALOG` IS NULL)\r\n    ) AND\r\n    `kcu`.`CONSTRAINT_SCHEMA` = `rc`.`CONSTRAINT_SCHEMA` AND\r\n    `kcu`.`CONSTRAINT_NAME` = `rc`.`CONSTRAINT_NAME`\r\nWHERE `rc`.`CONSTRAINT_SCHEMA` = database() AND `kcu`.`TABLE_SCHEMA` = database()\r\nAND `rc`.`TABLE_NAME` = \'pista\' AND `kcu`.`TABLE_NAME` = \'pista\''),(22355,'info','yii\\db\\Command::query','2024-01-09 21:25:07','[::1][-][-]','SELECT COUNT(*) FROM `pista`'),(22356,'info','yii\\db\\Command::query','2024-01-09 21:25:07','[::1][-][-]','SELECT * FROM `pista` LIMIT 20'),(22357,'info','yii\\db\\Command::query','2024-01-09 21:25:07','[::1][-][-]','SELECT * FROM `direccion` WHERE `id`=1'),(22358,'info','yii\\db\\Command::query','2024-01-09 21:25:07','[::1][-][-]','SHOW FULL COLUMNS FROM `direccion`'),(22359,'info','yii\\db\\Command::query','2024-01-09 21:25:07','[::1][-][-]','SELECT\r\n    `kcu`.`CONSTRAINT_NAME` AS `constraint_name`,\r\n    `kcu`.`COLUMN_NAME` AS `column_name`,\r\n    `kcu`.`REFERENCED_TABLE_NAME` AS `referenced_table_name`,\r\n    `kcu`.`REFERENCED_COLUMN_NAME` AS `referenced_column_name`\r\nFROM `information_schema`.`REFERENTIAL_CONSTRAINTS` AS `rc`\r\nJOIN `information_schema`.`KEY_COLUMN_USAGE` AS `kcu` ON\r\n    (\r\n        `kcu`.`CONSTRAINT_CATALOG` = `rc`.`CONSTRAINT_CATALOG` OR\r\n        (`kcu`.`CONSTRAINT_CATALOG` IS NULL AND `rc`.`CONSTRAINT_CATALOG` IS NULL)\r\n    ) AND\r\n    `kcu`.`CONSTRAINT_SCHEMA` = `rc`.`CONSTRAINT_SCHEMA` AND\r\n    `kcu`.`CONSTRAINT_NAME` = `rc`.`CONSTRAINT_NAME`\r\nWHERE `rc`.`CONSTRAINT_SCHEMA` = database() AND `kcu`.`TABLE_SCHEMA` = database()\r\nAND `rc`.`TABLE_NAME` = \'direccion\' AND `kcu`.`TABLE_NAME` = \'direccion\''),(22360,'info','yii\\db\\Command::query','2024-01-09 21:25:07','[::1][-][-]','SELECT * FROM `disciplina` WHERE `id`=1'),(22361,'info','yii\\db\\Command::query','2024-01-09 21:25:07','[::1][-][-]','SHOW FULL COLUMNS FROM `disciplina`'),(22362,'info','yii\\db\\Command::query','2024-01-09 21:25:07','[::1][-][-]','SELECT\r\n    `kcu`.`CONSTRAINT_NAME` AS `constraint_name`,\r\n    `kcu`.`COLUMN_NAME` AS `column_name`,\r\n    `kcu`.`REFERENCED_TABLE_NAME` AS `referenced_table_name`,\r\n    `kcu`.`REFERENCED_COLUMN_NAME` AS `referenced_column_name`\r\nFROM `information_schema`.`REFERENTIAL_CONSTRAINTS` AS `rc`\r\nJOIN `information_schema`.`KEY_COLUMN_USAGE` AS `kcu` ON\r\n    (\r\n        `kcu`.`CONSTRAINT_CATALOG` = `rc`.`CONSTRAINT_CATALOG` OR\r\n        (`kcu`.`CONSTRAINT_CATALOG` IS NULL AND `rc`.`CONSTRAINT_CATALOG` IS NULL)\r\n    ) AND\r\n    `kcu`.`CONSTRAINT_SCHEMA` = `rc`.`CONSTRAINT_SCHEMA` AND\r\n    `kcu`.`CONSTRAINT_NAME` = `rc`.`CONSTRAINT_NAME`\r\nWHERE `rc`.`CONSTRAINT_SCHEMA` = database() AND `kcu`.`TABLE_SCHEMA` = database()\r\nAND `rc`.`TABLE_NAME` = \'disciplina\' AND `kcu`.`TABLE_NAME` = \'disciplina\''),(22363,'info','yii\\db\\Command::query','2024-01-09 21:25:07','[::1][-][-]','SELECT * FROM `direccion` WHERE `id`=2'),(22364,'info','yii\\db\\Command::query','2024-01-09 21:25:07','[::1][-][-]','SELECT * FROM `disciplina` WHERE `id`=2'),(22365,'info','yii\\db\\Command::query','2024-01-09 21:25:07','[::1][-][-]','SELECT * FROM `direccion` WHERE `id`=1'),(22366,'info','yii\\db\\Command::query','2024-01-09 21:25:07','[::1][-][-]','SELECT * FROM `disciplina` WHERE `id`=3'),(22367,'info','yii\\db\\Command::query','2024-01-09 21:25:07','[::1][-][-]','SELECT * FROM `direccion` WHERE `id`=3'),(22368,'info','yii\\db\\Command::query','2024-01-09 21:25:07','[::1][-][-]','SELECT * FROM `disciplina` WHERE `id`=2'),(22369,'info','yii\\db\\Command::query','2024-01-09 21:25:07','[::1][-][-]','SELECT * FROM `direccion` WHERE `id`=4'),(22370,'info','yii\\db\\Command::query','2024-01-09 21:25:07','[::1][-][-]','SELECT * FROM `disciplina` WHERE `id`=1'),(22371,'info','application','2024-01-09 21:25:07','[::1][-][-]','$_GET = [\n    \'r\' => \'pista/list\'\n]\n\n$_POST = []\n\n$_FILES = []\n\n$_COOKIE = [\n    \'_identity\' => \'edcd6e27002627862a30d25ea24843c297f13188ba7b9ad3db80f872e5887197a:2:{i:0;s:9:\\\"_identity\\\";i:1;s:28:\\\"[\\\"100\\\",\\\"test100key\\\",2592000]\\\";}\'\n    \'PHPSESSID\' => \'p27m3ek56s4agfdp3ibfcdeuqk\'\n    \'_csrf\' => \'10823acd8f0e343b7e535907e4ca8aa1d32b203d2f40f6850ced295da0c38ee7a:2:{i:0;s:5:\\\"_csrf\\\";i:1;s:32:\\\"6drlzHZ3CVRhQNTp5PCj3eTtMBS41Imr\\\";}\'\n]\n\n$_SESSION = [\n    \'__flash\' => []\n]\n\n$_SERVER = [\n    \'MIBDIRS\' => \'C:/xampp/php/extras/mibs\'\n    \'MYSQL_HOME\' => \'\\\\xampp\\\\mysql\\\\bin\'\n    \'OPENSSL_CONF\' => \'C:/xampp/apache/bin/openssl.cnf\'\n    \'PHP_PEAR_SYSCONF_DIR\' => \'\\\\xampp\\\\php\'\n    \'PHPRC\' => \'\\\\xampp\\\\php\'\n    \'TMP\' => \'\\\\xampp\\\\tmp\'\n    \'HTTP_HOST\' => \'localhost\'\n    \'HTTP_CONNECTION\' => \'keep-alive\'\n    \'HTTP_SEC_CH_UA\' => \'\\\"Not_A Brand\\\";v=\\\"8\\\", \\\"Chromium\\\";v=\\\"120\\\", \\\"Google Chrome\\\";v=\\\"120\\\"\'\n    \'HTTP_SEC_CH_UA_MOBILE\' => \'?0\'\n    \'HTTP_SEC_CH_UA_PLATFORM\' => \'\\\"Windows\\\"\'\n    \'HTTP_UPGRADE_INSECURE_REQUESTS\' => \'1\'\n    \'HTTP_USER_AGENT\' => \'Mozilla/5.0 (Windows NT 10.0; Win64; x64) AppleWebKit/537.36 (KHTML, like Gecko) Chrome/120.0.0.0 Safari/537.36\'\n    \'HTTP_ACCEPT\' => \'text/html,application/xhtml+xml,application/xml;q=0.9,image/avif,image/webp,image/apng,*/*;q=0.8,application/signed-exchange;v=b3;q=0.7\'\n    \'HTTP_SEC_FETCH_SITE\' => \'same-origin\'\n    \'HTTP_SEC_FETCH_MODE\' => \'navigate\'\n    \'HTTP_SEC_FETCH_USER\' => \'?1\'\n    \'HTTP_SEC_FETCH_DEST\' => \'document\'\n    \'HTTP_REFERER\' => \'http://localhost/torneos/basic/web/index.php?r=direccion%2Findex\'\n    \'HTTP_ACCEPT_ENCODING\' => \'gzip, deflate, br\'\n    \'HTTP_ACCEPT_LANGUAGE\' => \'es-ES,es;q=0.9\'\n    \'HTTP_COOKIE\' => \'_identity=edcd6e27002627862a30d25ea24843c297f13188ba7b9ad3db80f872e5887197a%3A2%3A%7Bi%3A0%3Bs%3A9%3A%22_identity%22%3Bi%3A1%3Bs%3A28%3A%22%5B%22100%22%2C%22test100key%22%2C2592000%5D%22%3B%7D; PHPSESSID=p27m3ek56s4agfdp3ibfcdeuqk; _csrf=10823acd8f0e343b7e535907e4ca8aa1d32b203d2f40f6850ced295da0c38ee7a%3A2%3A%7Bi%3A0%3Bs%3A5%3A%22_csrf%22%3Bi%3A1%3Bs%3A32%3A%226drlzHZ3CVRhQNTp5PCj3eTtMBS41Imr%22%3B%7D\'\n    \'PATH\' => \'C:\\\\Program Files\\\\Common Files\\\\Oracle\\\\Java\\\\javapath;C:\\\\Windows\\\\system32;C:\\\\Windows;C:\\\\Windows\\\\System32\\\\Wbem;C:\\\\Windows\\\\System32\\\\WindowsPowerShell\\\\v1.0\\\\;C:\\\\Windows\\\\System32\\\\OpenSSH\\\\;C:\\\\Program Files (x86)\\\\NVIDIA Corporation\\\\PhysX\\\\Common;C:\\\\Program Files\\\\NVIDIA Corporation\\\\NVIDIA NvDLISR;C:\\\\Program Files\\\\Wolfram Research\\\\WolframScript\\\\;C:\\\\Program Files\\\\Git\\\\cmd;C:\\\\Program Files\\\\dotnet\\\\;C:\\\\Program Files\\\\AutoFirma\\\\AutoFirma;C:\\\\xampp\\\\php;C:\\\\Users\\\\raftars77\\\\AppData\\\\Local\\\\Programs\\\\Python\\\\Python311\\\\Scripts\\\\;C:\\\\Users\\\\raftars77\\\\AppData\\\\Local\\\\Programs\\\\Python\\\\Python311\\\\;C:\\\\Users\\\\raftars77\\\\AppData\\\\Local\\\\Microsoft\\\\WindowsApps;C:\\\\Users\\\\raftars77\\\\AppData\\\\Local\\\\Programs\\\\Microsoft VS Code\\\\bin\'\n    \'SystemRoot\' => \'C:\\\\Windows\'\n    \'COMSPEC\' => \'C:\\\\Windows\\\\system32\\\\cmd.exe\'\n    \'PATHEXT\' => \'.COM;.EXE;.BAT;.CMD;.VBS;.VBE;.JS;.JSE;.WSF;.WSH;.MSC\'\n    \'WINDIR\' => \'C:\\\\Windows\'\n    \'SERVER_SIGNATURE\' => \'<address>Apache/2.4.58 (Win64) OpenSSL/3.1.3 PHP/8.2.12 Server at localhost Port 80</address>\n\'\n    \'SERVER_SOFTWARE\' => \'Apache/2.4.58 (Win64) OpenSSL/3.1.3 PHP/8.2.12\'\n    \'SERVER_NAME\' => \'localhost\'\n    \'SERVER_ADDR\' => \'::1\'\n    \'SERVER_PORT\' => \'80\'\n    \'REMOTE_ADDR\' => \'::1\'\n    \'DOCUMENT_ROOT\' => \'C:/xampp/htdocs\'\n    \'REQUEST_SCHEME\' => \'http\'\n    \'CONTEXT_PREFIX\' => \'/torneos\'\n    \'CONTEXT_DOCUMENT_ROOT\' => \'C:\\\\Users\\\\raftars77\\\\Desktop\\\\Universidad\\\\Desarrollo de aplicaciones web II/daw2-2023_03_organizacion_torneos\'\n    \'SERVER_ADMIN\' => \'postmaster@localhost\'\n    \'SCRIPT_FILENAME\' => \'C:/Users/raftars77/Desktop/Universidad/Desarrollo de aplicaciones web II/daw2-2023_03_organizacion_torneos/basic/web/index.php\'\n    \'REMOTE_PORT\' => \'60489\'\n    \'GATEWAY_INTERFACE\' => \'CGI/1.1\'\n    \'SERVER_PROTOCOL\' => \'HTTP/1.1\'\n    \'REQUEST_METHOD\' => \'GET\'\n    \'QUERY_STRING\' => \'r=pista%2Flist\'\n    \'REQUEST_URI\' => \'/torneos/basic/web/index.php?r=pista%2Flist\'\n    \'SCRIPT_NAME\' => \'/torneos/basic/web/index.php\'\n    \'PHP_SELF\' => \'/torneos/basic/web/index.php\'\n    \'REQUEST_TIME_FLOAT\' => 1704835507.5474\n    \'REQUEST_TIME\' => 1704835507\n]'),(22372,'trace','yii\\base\\Application::bootstrap','2024-01-09 21:25:07','[::1][-][-]','Bootstrap with yii\\bootstrap5\\i18n\\TranslationBootstrap::bootstrap()'),(22373,'trace','yii\\base\\Application::bootstrap','2024-01-09 21:25:07','[::1][-][-]','Bootstrap with yii\\log\\Dispatcher'),(22374,'trace','yii\\base\\Module::getModule','2024-01-09 21:25:07','[::1][-][-]','Loading module: debug'),(22375,'trace','yii\\base\\Application::bootstrap','2024-01-09 21:25:07','[::1][-][-]','Bootstrap with yii\\debug\\Module::bootstrap()'),(22376,'trace','yii\\base\\Module::getModule','2024-01-09 21:25:07','[::1][-][-]','Loading module: gii'),(22377,'trace','yii\\base\\Application::bootstrap','2024-01-09 21:25:07','[::1][-][-]','Bootstrap with yii\\gii\\Module::bootstrap()'),(22378,'trace','yii\\web\\UrlManager::parseRequest','2024-01-09 21:25:07','[::1][-][-]','Pretty URL not enabled. Using default URL parsing logic.'),(22379,'trace','yii\\web\\Application::handleRequest','2024-01-09 21:25:07','[::1][-][-]','Route requested: \'pista/list\''),(22380,'trace','yii\\base\\Controller::runAction','2024-01-09 21:25:07','[::1][-][-]','Route to run: pista/list'),(22381,'trace','yii\\base\\InlineAction::runWithParams','2024-01-09 21:25:07','[::1][-][-]','Running action: app\\controllers\\PistaController::actionList()'),(22382,'trace','yii\\base\\View::renderFile','2024-01-09 21:25:07','[::1][-][-]','Rendering view file: C:\\Users\\raftars77\\Desktop\\Universidad\\Desarrollo de aplicaciones web II\\daw2-2023_03_organizacion_torneos\\basic\\views\\pista\\index.php'),(22383,'trace','yii\\base\\View::renderFile','2024-01-09 21:25:07','[::1][-][-]','Rendering view file: C:\\Users\\raftars77\\Desktop\\Universidad\\Desarrollo de aplicaciones web II\\daw2-2023_03_organizacion_torneos\\basic\\views\\layouts\\main.php'),(22384,'info','application','2024-01-09 21:25:07','[::1][-][-]','$_GET = [\n    \'r\' => \'pista/list\'\n]\n\n$_POST = []\n\n$_FILES = []\n\n$_COOKIE = [\n    \'_identity\' => \'edcd6e27002627862a30d25ea24843c297f13188ba7b9ad3db80f872e5887197a:2:{i:0;s:9:\\\"_identity\\\";i:1;s:28:\\\"[\\\"100\\\",\\\"test100key\\\",2592000]\\\";}\'\n    \'PHPSESSID\' => \'p27m3ek56s4agfdp3ibfcdeuqk\'\n    \'_csrf\' => \'10823acd8f0e343b7e535907e4ca8aa1d32b203d2f40f6850ced295da0c38ee7a:2:{i:0;s:5:\\\"_csrf\\\";i:1;s:32:\\\"6drlzHZ3CVRhQNTp5PCj3eTtMBS41Imr\\\";}\'\n]\n\n$_SESSION = [\n    \'__flash\' => []\n]\n\n$_SERVER = [\n    \'MIBDIRS\' => \'C:/xampp/php/extras/mibs\'\n    \'MYSQL_HOME\' => \'\\\\xampp\\\\mysql\\\\bin\'\n    \'OPENSSL_CONF\' => \'C:/xampp/apache/bin/openssl.cnf\'\n    \'PHP_PEAR_SYSCONF_DIR\' => \'\\\\xampp\\\\php\'\n    \'PHPRC\' => \'\\\\xampp\\\\php\'\n    \'TMP\' => \'\\\\xampp\\\\tmp\'\n    \'HTTP_HOST\' => \'localhost\'\n    \'HTTP_CONNECTION\' => \'keep-alive\'\n    \'HTTP_SEC_CH_UA\' => \'\\\"Not_A Brand\\\";v=\\\"8\\\", \\\"Chromium\\\";v=\\\"120\\\", \\\"Google Chrome\\\";v=\\\"120\\\"\'\n    \'HTTP_SEC_CH_UA_MOBILE\' => \'?0\'\n    \'HTTP_SEC_CH_UA_PLATFORM\' => \'\\\"Windows\\\"\'\n    \'HTTP_UPGRADE_INSECURE_REQUESTS\' => \'1\'\n    \'HTTP_USER_AGENT\' => \'Mozilla/5.0 (Windows NT 10.0; Win64; x64) AppleWebKit/537.36 (KHTML, like Gecko) Chrome/120.0.0.0 Safari/537.36\'\n    \'HTTP_ACCEPT\' => \'text/html,application/xhtml+xml,application/xml;q=0.9,image/avif,image/webp,image/apng,*/*;q=0.8,application/signed-exchange;v=b3;q=0.7\'\n    \'HTTP_SEC_FETCH_SITE\' => \'same-origin\'\n    \'HTTP_SEC_FETCH_MODE\' => \'navigate\'\n    \'HTTP_SEC_FETCH_USER\' => \'?1\'\n    \'HTTP_SEC_FETCH_DEST\' => \'document\'\n    \'HTTP_REFERER\' => \'http://localhost/torneos/basic/web/index.php?r=direccion%2Findex\'\n    \'HTTP_ACCEPT_ENCODING\' => \'gzip, deflate, br\'\n    \'HTTP_ACCEPT_LANGUAGE\' => \'es-ES,es;q=0.9\'\n    \'HTTP_COOKIE\' => \'_identity=edcd6e27002627862a30d25ea24843c297f13188ba7b9ad3db80f872e5887197a%3A2%3A%7Bi%3A0%3Bs%3A9%3A%22_identity%22%3Bi%3A1%3Bs%3A28%3A%22%5B%22100%22%2C%22test100key%22%2C2592000%5D%22%3B%7D; PHPSESSID=p27m3ek56s4agfdp3ibfcdeuqk; _csrf=10823acd8f0e343b7e535907e4ca8aa1d32b203d2f40f6850ced295da0c38ee7a%3A2%3A%7Bi%3A0%3Bs%3A5%3A%22_csrf%22%3Bi%3A1%3Bs%3A32%3A%226drlzHZ3CVRhQNTp5PCj3eTtMBS41Imr%22%3B%7D\'\n    \'PATH\' => \'C:\\\\Program Files\\\\Common Files\\\\Oracle\\\\Java\\\\javapath;C:\\\\Windows\\\\system32;C:\\\\Windows;C:\\\\Windows\\\\System32\\\\Wbem;C:\\\\Windows\\\\System32\\\\WindowsPowerShell\\\\v1.0\\\\;C:\\\\Windows\\\\System32\\\\OpenSSH\\\\;C:\\\\Program Files (x86)\\\\NVIDIA Corporation\\\\PhysX\\\\Common;C:\\\\Program Files\\\\NVIDIA Corporation\\\\NVIDIA NvDLISR;C:\\\\Program Files\\\\Wolfram Research\\\\WolframScript\\\\;C:\\\\Program Files\\\\Git\\\\cmd;C:\\\\Program Files\\\\dotnet\\\\;C:\\\\Program Files\\\\AutoFirma\\\\AutoFirma;C:\\\\xampp\\\\php;C:\\\\Users\\\\raftars77\\\\AppData\\\\Local\\\\Programs\\\\Python\\\\Python311\\\\Scripts\\\\;C:\\\\Users\\\\raftars77\\\\AppData\\\\Local\\\\Programs\\\\Python\\\\Python311\\\\;C:\\\\Users\\\\raftars77\\\\AppData\\\\Local\\\\Microsoft\\\\WindowsApps;C:\\\\Users\\\\raftars77\\\\AppData\\\\Local\\\\Programs\\\\Microsoft VS Code\\\\bin\'\n    \'SystemRoot\' => \'C:\\\\Windows\'\n    \'COMSPEC\' => \'C:\\\\Windows\\\\system32\\\\cmd.exe\'\n    \'PATHEXT\' => \'.COM;.EXE;.BAT;.CMD;.VBS;.VBE;.JS;.JSE;.WSF;.WSH;.MSC\'\n    \'WINDIR\' => \'C:\\\\Windows\'\n    \'SERVER_SIGNATURE\' => \'<address>Apache/2.4.58 (Win64) OpenSSL/3.1.3 PHP/8.2.12 Server at localhost Port 80</address>\n\'\n    \'SERVER_SOFTWARE\' => \'Apache/2.4.58 (Win64) OpenSSL/3.1.3 PHP/8.2.12\'\n    \'SERVER_NAME\' => \'localhost\'\n    \'SERVER_ADDR\' => \'::1\'\n    \'SERVER_PORT\' => \'80\'\n    \'REMOTE_ADDR\' => \'::1\'\n    \'DOCUMENT_ROOT\' => \'C:/xampp/htdocs\'\n    \'REQUEST_SCHEME\' => \'http\'\n    \'CONTEXT_PREFIX\' => \'/torneos\'\n    \'CONTEXT_DOCUMENT_ROOT\' => \'C:\\\\Users\\\\raftars77\\\\Desktop\\\\Universidad\\\\Desarrollo de aplicaciones web II/daw2-2023_03_organizacion_torneos\'\n    \'SERVER_ADMIN\' => \'postmaster@localhost\'\n    \'SCRIPT_FILENAME\' => \'C:/Users/raftars77/Desktop/Universidad/Desarrollo de aplicaciones web II/daw2-2023_03_organizacion_torneos/basic/web/index.php\'\n    \'REMOTE_PORT\' => \'60489\'\n    \'GATEWAY_INTERFACE\' => \'CGI/1.1\'\n    \'SERVER_PROTOCOL\' => \'HTTP/1.1\'\n    \'REQUEST_METHOD\' => \'GET\'\n    \'QUERY_STRING\' => \'r=pista%2Flist\'\n    \'REQUEST_URI\' => \'/torneos/basic/web/index.php?r=pista%2Flist\'\n    \'SCRIPT_NAME\' => \'/torneos/basic/web/index.php\'\n    \'PHP_SELF\' => \'/torneos/basic/web/index.php\'\n    \'REQUEST_TIME_FLOAT\' => 1704835507.5474\n    \'REQUEST_TIME\' => 1704835507\n]'),(22385,'info','yii\\web\\Session::open','2024-01-09 21:25:08','[::1][-][-]','Session started'),(22386,'info','yii\\db\\Connection::open','2024-01-09 21:25:08','[::1][-][-]','Opening DB connection: mysql:host=localhost;dbname=daw2_2023_03_organizacion_torneos'),(22387,'info','yii\\db\\Command::query','2024-01-09 21:25:08','[::1][-][-]','SHOW FULL COLUMNS FROM `pista`'),(22388,'info','yii\\db\\Command::query','2024-01-09 21:25:08','[::1][-][-]','SELECT\r\n    `kcu`.`CONSTRAINT_NAME` AS `constraint_name`,\r\n    `kcu`.`COLUMN_NAME` AS `column_name`,\r\n    `kcu`.`REFERENCED_TABLE_NAME` AS `referenced_table_name`,\r\n    `kcu`.`REFERENCED_COLUMN_NAME` AS `referenced_column_name`\r\nFROM `information_schema`.`REFERENTIAL_CONSTRAINTS` AS `rc`\r\nJOIN `information_schema`.`KEY_COLUMN_USAGE` AS `kcu` ON\r\n    (\r\n        `kcu`.`CONSTRAINT_CATALOG` = `rc`.`CONSTRAINT_CATALOG` OR\r\n        (`kcu`.`CONSTRAINT_CATALOG` IS NULL AND `rc`.`CONSTRAINT_CATALOG` IS NULL)\r\n    ) AND\r\n    `kcu`.`CONSTRAINT_SCHEMA` = `rc`.`CONSTRAINT_SCHEMA` AND\r\n    `kcu`.`CONSTRAINT_NAME` = `rc`.`CONSTRAINT_NAME`\r\nWHERE `rc`.`CONSTRAINT_SCHEMA` = database() AND `kcu`.`TABLE_SCHEMA` = database()\r\nAND `rc`.`TABLE_NAME` = \'pista\' AND `kcu`.`TABLE_NAME` = \'pista\''),(22389,'info','yii\\db\\Command::query','2024-01-09 21:25:08','[::1][-][-]','SELECT * FROM `disciplina`'),(22390,'info','yii\\db\\Command::query','2024-01-09 21:25:08','[::1][-][-]','SHOW FULL COLUMNS FROM `disciplina`'),(22391,'info','yii\\db\\Command::query','2024-01-09 21:25:08','[::1][-][-]','SELECT\r\n    `kcu`.`CONSTRAINT_NAME` AS `constraint_name`,\r\n    `kcu`.`COLUMN_NAME` AS `column_name`,\r\n    `kcu`.`REFERENCED_TABLE_NAME` AS `referenced_table_name`,\r\n    `kcu`.`REFERENCED_COLUMN_NAME` AS `referenced_column_name`\r\nFROM `information_schema`.`REFERENTIAL_CONSTRAINTS` AS `rc`\r\nJOIN `information_schema`.`KEY_COLUMN_USAGE` AS `kcu` ON\r\n    (\r\n        `kcu`.`CONSTRAINT_CATALOG` = `rc`.`CONSTRAINT_CATALOG` OR\r\n        (`kcu`.`CONSTRAINT_CATALOG` IS NULL AND `rc`.`CONSTRAINT_CATALOG` IS NULL)\r\n    ) AND\r\n    `kcu`.`CONSTRAINT_SCHEMA` = `rc`.`CONSTRAINT_SCHEMA` AND\r\n    `kcu`.`CONSTRAINT_NAME` = `rc`.`CONSTRAINT_NAME`\r\nWHERE `rc`.`CONSTRAINT_SCHEMA` = database() AND `kcu`.`TABLE_SCHEMA` = database()\r\nAND `rc`.`TABLE_NAME` = \'disciplina\' AND `kcu`.`TABLE_NAME` = \'disciplina\''),(22392,'info','yii\\db\\Command::query','2024-01-09 21:25:08','[::1][-][-]','SHOW FULL COLUMNS FROM `direccion`'),(22393,'info','yii\\db\\Command::query','2024-01-09 21:25:08','[::1][-][-]','SELECT\r\n    `kcu`.`CONSTRAINT_NAME` AS `constraint_name`,\r\n    `kcu`.`COLUMN_NAME` AS `column_name`,\r\n    `kcu`.`REFERENCED_TABLE_NAME` AS `referenced_table_name`,\r\n    `kcu`.`REFERENCED_COLUMN_NAME` AS `referenced_column_name`\r\nFROM `information_schema`.`REFERENTIAL_CONSTRAINTS` AS `rc`\r\nJOIN `information_schema`.`KEY_COLUMN_USAGE` AS `kcu` ON\r\n    (\r\n        `kcu`.`CONSTRAINT_CATALOG` = `rc`.`CONSTRAINT_CATALOG` OR\r\n        (`kcu`.`CONSTRAINT_CATALOG` IS NULL AND `rc`.`CONSTRAINT_CATALOG` IS NULL)\r\n    ) AND\r\n    `kcu`.`CONSTRAINT_SCHEMA` = `rc`.`CONSTRAINT_SCHEMA` AND\r\n    `kcu`.`CONSTRAINT_NAME` = `rc`.`CONSTRAINT_NAME`\r\nWHERE `rc`.`CONSTRAINT_SCHEMA` = database() AND `kcu`.`TABLE_SCHEMA` = database()\r\nAND `rc`.`TABLE_NAME` = \'direccion\' AND `kcu`.`TABLE_NAME` = \'direccion\''),(22394,'info','application','2024-01-09 21:25:08','[::1][-][-]','$_GET = [\n    \'r\' => \'pista/create\'\n]\n\n$_POST = []\n\n$_FILES = []\n\n$_COOKIE = [\n    \'_identity\' => \'edcd6e27002627862a30d25ea24843c297f13188ba7b9ad3db80f872e5887197a:2:{i:0;s:9:\\\"_identity\\\";i:1;s:28:\\\"[\\\"100\\\",\\\"test100key\\\",2592000]\\\";}\'\n    \'PHPSESSID\' => \'p27m3ek56s4agfdp3ibfcdeuqk\'\n    \'_csrf\' => \'10823acd8f0e343b7e535907e4ca8aa1d32b203d2f40f6850ced295da0c38ee7a:2:{i:0;s:5:\\\"_csrf\\\";i:1;s:32:\\\"6drlzHZ3CVRhQNTp5PCj3eTtMBS41Imr\\\";}\'\n]\n\n$_SESSION = [\n    \'__flash\' => []\n]\n\n$_SERVER = [\n    \'MIBDIRS\' => \'C:/xampp/php/extras/mibs\'\n    \'MYSQL_HOME\' => \'\\\\xampp\\\\mysql\\\\bin\'\n    \'OPENSSL_CONF\' => \'C:/xampp/apache/bin/openssl.cnf\'\n    \'PHP_PEAR_SYSCONF_DIR\' => \'\\\\xampp\\\\php\'\n    \'PHPRC\' => \'\\\\xampp\\\\php\'\n    \'TMP\' => \'\\\\xampp\\\\tmp\'\n    \'HTTP_HOST\' => \'localhost\'\n    \'HTTP_CONNECTION\' => \'keep-alive\'\n    \'HTTP_SEC_CH_UA\' => \'\\\"Not_A Brand\\\";v=\\\"8\\\", \\\"Chromium\\\";v=\\\"120\\\", \\\"Google Chrome\\\";v=\\\"120\\\"\'\n    \'HTTP_SEC_CH_UA_MOBILE\' => \'?0\'\n    \'HTTP_SEC_CH_UA_PLATFORM\' => \'\\\"Windows\\\"\'\n    \'HTTP_UPGRADE_INSECURE_REQUESTS\' => \'1\'\n    \'HTTP_USER_AGENT\' => \'Mozilla/5.0 (Windows NT 10.0; Win64; x64) AppleWebKit/537.36 (KHTML, like Gecko) Chrome/120.0.0.0 Safari/537.36\'\n    \'HTTP_ACCEPT\' => \'text/html,application/xhtml+xml,application/xml;q=0.9,image/avif,image/webp,image/apng,*/*;q=0.8,application/signed-exchange;v=b3;q=0.7\'\n    \'HTTP_SEC_FETCH_SITE\' => \'same-origin\'\n    \'HTTP_SEC_FETCH_MODE\' => \'navigate\'\n    \'HTTP_SEC_FETCH_USER\' => \'?1\'\n    \'HTTP_SEC_FETCH_DEST\' => \'document\'\n    \'HTTP_REFERER\' => \'http://localhost/torneos/basic/web/index.php?r=pista%2Flist\'\n    \'HTTP_ACCEPT_ENCODING\' => \'gzip, deflate, br\'\n    \'HTTP_ACCEPT_LANGUAGE\' => \'es-ES,es;q=0.9\'\n    \'HTTP_COOKIE\' => \'_identity=edcd6e27002627862a30d25ea24843c297f13188ba7b9ad3db80f872e5887197a%3A2%3A%7Bi%3A0%3Bs%3A9%3A%22_identity%22%3Bi%3A1%3Bs%3A28%3A%22%5B%22100%22%2C%22test100key%22%2C2592000%5D%22%3B%7D; PHPSESSID=p27m3ek56s4agfdp3ibfcdeuqk; _csrf=10823acd8f0e343b7e535907e4ca8aa1d32b203d2f40f6850ced295da0c38ee7a%3A2%3A%7Bi%3A0%3Bs%3A5%3A%22_csrf%22%3Bi%3A1%3Bs%3A32%3A%226drlzHZ3CVRhQNTp5PCj3eTtMBS41Imr%22%3B%7D\'\n    \'PATH\' => \'C:\\\\Program Files\\\\Common Files\\\\Oracle\\\\Java\\\\javapath;C:\\\\Windows\\\\system32;C:\\\\Windows;C:\\\\Windows\\\\System32\\\\Wbem;C:\\\\Windows\\\\System32\\\\WindowsPowerShell\\\\v1.0\\\\;C:\\\\Windows\\\\System32\\\\OpenSSH\\\\;C:\\\\Program Files (x86)\\\\NVIDIA Corporation\\\\PhysX\\\\Common;C:\\\\Program Files\\\\NVIDIA Corporation\\\\NVIDIA NvDLISR;C:\\\\Program Files\\\\Wolfram Research\\\\WolframScript\\\\;C:\\\\Program Files\\\\Git\\\\cmd;C:\\\\Program Files\\\\dotnet\\\\;C:\\\\Program Files\\\\AutoFirma\\\\AutoFirma;C:\\\\xampp\\\\php;C:\\\\Users\\\\raftars77\\\\AppData\\\\Local\\\\Programs\\\\Python\\\\Python311\\\\Scripts\\\\;C:\\\\Users\\\\raftars77\\\\AppData\\\\Local\\\\Programs\\\\Python\\\\Python311\\\\;C:\\\\Users\\\\raftars77\\\\AppData\\\\Local\\\\Microsoft\\\\WindowsApps;C:\\\\Users\\\\raftars77\\\\AppData\\\\Local\\\\Programs\\\\Microsoft VS Code\\\\bin\'\n    \'SystemRoot\' => \'C:\\\\Windows\'\n    \'COMSPEC\' => \'C:\\\\Windows\\\\system32\\\\cmd.exe\'\n    \'PATHEXT\' => \'.COM;.EXE;.BAT;.CMD;.VBS;.VBE;.JS;.JSE;.WSF;.WSH;.MSC\'\n    \'WINDIR\' => \'C:\\\\Windows\'\n    \'SERVER_SIGNATURE\' => \'<address>Apache/2.4.58 (Win64) OpenSSL/3.1.3 PHP/8.2.12 Server at localhost Port 80</address>\n\'\n    \'SERVER_SOFTWARE\' => \'Apache/2.4.58 (Win64) OpenSSL/3.1.3 PHP/8.2.12\'\n    \'SERVER_NAME\' => \'localhost\'\n    \'SERVER_ADDR\' => \'::1\'\n    \'SERVER_PORT\' => \'80\'\n    \'REMOTE_ADDR\' => \'::1\'\n    \'DOCUMENT_ROOT\' => \'C:/xampp/htdocs\'\n    \'REQUEST_SCHEME\' => \'http\'\n    \'CONTEXT_PREFIX\' => \'/torneos\'\n    \'CONTEXT_DOCUMENT_ROOT\' => \'C:\\\\Users\\\\raftars77\\\\Desktop\\\\Universidad\\\\Desarrollo de aplicaciones web II/daw2-2023_03_organizacion_torneos\'\n    \'SERVER_ADMIN\' => \'postmaster@localhost\'\n    \'SCRIPT_FILENAME\' => \'C:/Users/raftars77/Desktop/Universidad/Desarrollo de aplicaciones web II/daw2-2023_03_organizacion_torneos/basic/web/index.php\'\n    \'REMOTE_PORT\' => \'60488\'\n    \'GATEWAY_INTERFACE\' => \'CGI/1.1\'\n    \'SERVER_PROTOCOL\' => \'HTTP/1.1\'\n    \'REQUEST_METHOD\' => \'GET\'\n    \'QUERY_STRING\' => \'r=pista%2Fcreate\'\n    \'REQUEST_URI\' => \'/torneos/basic/web/index.php?r=pista%2Fcreate\'\n    \'SCRIPT_NAME\' => \'/torneos/basic/web/index.php\'\n    \'PHP_SELF\' => \'/torneos/basic/web/index.php\'\n    \'REQUEST_TIME_FLOAT\' => 1704835508.6034\n    \'REQUEST_TIME\' => 1704835508\n]'),(22395,'trace','yii\\base\\Application::bootstrap','2024-01-09 21:25:08','[::1][-][-]','Bootstrap with yii\\bootstrap5\\i18n\\TranslationBootstrap::bootstrap()'),(22396,'trace','yii\\base\\Application::bootstrap','2024-01-09 21:25:08','[::1][-][-]','Bootstrap with yii\\log\\Dispatcher'),(22397,'trace','yii\\base\\Module::getModule','2024-01-09 21:25:08','[::1][-][-]','Loading module: debug'),(22398,'trace','yii\\base\\Application::bootstrap','2024-01-09 21:25:08','[::1][-][-]','Bootstrap with yii\\debug\\Module::bootstrap()'),(22399,'trace','yii\\base\\Module::getModule','2024-01-09 21:25:08','[::1][-][-]','Loading module: gii'),(22400,'trace','yii\\base\\Application::bootstrap','2024-01-09 21:25:08','[::1][-][-]','Bootstrap with yii\\gii\\Module::bootstrap()'),(22401,'trace','yii\\web\\UrlManager::parseRequest','2024-01-09 21:25:08','[::1][-][-]','Pretty URL not enabled. Using default URL parsing logic.'),(22402,'trace','yii\\web\\Application::handleRequest','2024-01-09 21:25:08','[::1][-][-]','Route requested: \'pista/create\''),(22403,'trace','yii\\base\\Controller::runAction','2024-01-09 21:25:08','[::1][-][-]','Route to run: pista/create'),(22404,'trace','yii\\base\\InlineAction::runWithParams','2024-01-09 21:25:08','[::1][-][-]','Running action: app\\controllers\\PistaController::actionCreate()'),(22405,'trace','yii\\db\\Transaction::begin','2024-01-09 21:25:08','[::1][-][-]','Begin transaction'),(22406,'trace','yii\\base\\View::renderFile','2024-01-09 21:25:08','[::1][-][-]','Rendering view file: C:\\Users\\raftars77\\Desktop\\Universidad\\Desarrollo de aplicaciones web II\\daw2-2023_03_organizacion_torneos\\basic\\views\\pista\\create.php'),(22407,'trace','yii\\base\\View::renderFile','2024-01-09 21:25:08','[::1][-][-]','Rendering view file: C:\\Users\\raftars77\\Desktop\\Universidad\\Desarrollo de aplicaciones web II\\daw2-2023_03_organizacion_torneos\\basic\\views\\pista\\_form.php'),(22408,'trace','yii\\base\\View::renderFile','2024-01-09 21:25:08','[::1][-][-]','Rendering view file: C:\\Users\\raftars77\\Desktop\\Universidad\\Desarrollo de aplicaciones web II\\daw2-2023_03_organizacion_torneos\\basic\\views\\layouts\\main.php'),(22409,'info','application','2024-01-09 21:25:08','[::1][-][-]','$_GET = [\n    \'r\' => \'pista/create\'\n]\n\n$_POST = []\n\n$_FILES = []\n\n$_COOKIE = [\n    \'_identity\' => \'edcd6e27002627862a30d25ea24843c297f13188ba7b9ad3db80f872e5887197a:2:{i:0;s:9:\\\"_identity\\\";i:1;s:28:\\\"[\\\"100\\\",\\\"test100key\\\",2592000]\\\";}\'\n    \'PHPSESSID\' => \'p27m3ek56s4agfdp3ibfcdeuqk\'\n    \'_csrf\' => \'10823acd8f0e343b7e535907e4ca8aa1d32b203d2f40f6850ced295da0c38ee7a:2:{i:0;s:5:\\\"_csrf\\\";i:1;s:32:\\\"6drlzHZ3CVRhQNTp5PCj3eTtMBS41Imr\\\";}\'\n]\n\n$_SESSION = [\n    \'__flash\' => []\n]\n\n$_SERVER = [\n    \'MIBDIRS\' => \'C:/xampp/php/extras/mibs\'\n    \'MYSQL_HOME\' => \'\\\\xampp\\\\mysql\\\\bin\'\n    \'OPENSSL_CONF\' => \'C:/xampp/apache/bin/openssl.cnf\'\n    \'PHP_PEAR_SYSCONF_DIR\' => \'\\\\xampp\\\\php\'\n    \'PHPRC\' => \'\\\\xampp\\\\php\'\n    \'TMP\' => \'\\\\xampp\\\\tmp\'\n    \'HTTP_HOST\' => \'localhost\'\n    \'HTTP_CONNECTION\' => \'keep-alive\'\n    \'HTTP_SEC_CH_UA\' => \'\\\"Not_A Brand\\\";v=\\\"8\\\", \\\"Chromium\\\";v=\\\"120\\\", \\\"Google Chrome\\\";v=\\\"120\\\"\'\n    \'HTTP_SEC_CH_UA_MOBILE\' => \'?0\'\n    \'HTTP_SEC_CH_UA_PLATFORM\' => \'\\\"Windows\\\"\'\n    \'HTTP_UPGRADE_INSECURE_REQUESTS\' => \'1\'\n    \'HTTP_USER_AGENT\' => \'Mozilla/5.0 (Windows NT 10.0; Win64; x64) AppleWebKit/537.36 (KHTML, like Gecko) Chrome/120.0.0.0 Safari/537.36\'\n    \'HTTP_ACCEPT\' => \'text/html,application/xhtml+xml,application/xml;q=0.9,image/avif,image/webp,image/apng,*/*;q=0.8,application/signed-exchange;v=b3;q=0.7\'\n    \'HTTP_SEC_FETCH_SITE\' => \'same-origin\'\n    \'HTTP_SEC_FETCH_MODE\' => \'navigate\'\n    \'HTTP_SEC_FETCH_USER\' => \'?1\'\n    \'HTTP_SEC_FETCH_DEST\' => \'document\'\n    \'HTTP_REFERER\' => \'http://localhost/torneos/basic/web/index.php?r=pista%2Flist\'\n    \'HTTP_ACCEPT_ENCODING\' => \'gzip, deflate, br\'\n    \'HTTP_ACCEPT_LANGUAGE\' => \'es-ES,es;q=0.9\'\n    \'HTTP_COOKIE\' => \'_identity=edcd6e27002627862a30d25ea24843c297f13188ba7b9ad3db80f872e5887197a%3A2%3A%7Bi%3A0%3Bs%3A9%3A%22_identity%22%3Bi%3A1%3Bs%3A28%3A%22%5B%22100%22%2C%22test100key%22%2C2592000%5D%22%3B%7D; PHPSESSID=p27m3ek56s4agfdp3ibfcdeuqk; _csrf=10823acd8f0e343b7e535907e4ca8aa1d32b203d2f40f6850ced295da0c38ee7a%3A2%3A%7Bi%3A0%3Bs%3A5%3A%22_csrf%22%3Bi%3A1%3Bs%3A32%3A%226drlzHZ3CVRhQNTp5PCj3eTtMBS41Imr%22%3B%7D\'\n    \'PATH\' => \'C:\\\\Program Files\\\\Common Files\\\\Oracle\\\\Java\\\\javapath;C:\\\\Windows\\\\system32;C:\\\\Windows;C:\\\\Windows\\\\System32\\\\Wbem;C:\\\\Windows\\\\System32\\\\WindowsPowerShell\\\\v1.0\\\\;C:\\\\Windows\\\\System32\\\\OpenSSH\\\\;C:\\\\Program Files (x86)\\\\NVIDIA Corporation\\\\PhysX\\\\Common;C:\\\\Program Files\\\\NVIDIA Corporation\\\\NVIDIA NvDLISR;C:\\\\Program Files\\\\Wolfram Research\\\\WolframScript\\\\;C:\\\\Program Files\\\\Git\\\\cmd;C:\\\\Program Files\\\\dotnet\\\\;C:\\\\Program Files\\\\AutoFirma\\\\AutoFirma;C:\\\\xampp\\\\php;C:\\\\Users\\\\raftars77\\\\AppData\\\\Local\\\\Programs\\\\Python\\\\Python311\\\\Scripts\\\\;C:\\\\Users\\\\raftars77\\\\AppData\\\\Local\\\\Programs\\\\Python\\\\Python311\\\\;C:\\\\Users\\\\raftars77\\\\AppData\\\\Local\\\\Microsoft\\\\WindowsApps;C:\\\\Users\\\\raftars77\\\\AppData\\\\Local\\\\Programs\\\\Microsoft VS Code\\\\bin\'\n    \'SystemRoot\' => \'C:\\\\Windows\'\n    \'COMSPEC\' => \'C:\\\\Windows\\\\system32\\\\cmd.exe\'\n    \'PATHEXT\' => \'.COM;.EXE;.BAT;.CMD;.VBS;.VBE;.JS;.JSE;.WSF;.WSH;.MSC\'\n    \'WINDIR\' => \'C:\\\\Windows\'\n    \'SERVER_SIGNATURE\' => \'<address>Apache/2.4.58 (Win64) OpenSSL/3.1.3 PHP/8.2.12 Server at localhost Port 80</address>\n\'\n    \'SERVER_SOFTWARE\' => \'Apache/2.4.58 (Win64) OpenSSL/3.1.3 PHP/8.2.12\'\n    \'SERVER_NAME\' => \'localhost\'\n    \'SERVER_ADDR\' => \'::1\'\n    \'SERVER_PORT\' => \'80\'\n    \'REMOTE_ADDR\' => \'::1\'\n    \'DOCUMENT_ROOT\' => \'C:/xampp/htdocs\'\n    \'REQUEST_SCHEME\' => \'http\'\n    \'CONTEXT_PREFIX\' => \'/torneos\'\n    \'CONTEXT_DOCUMENT_ROOT\' => \'C:\\\\Users\\\\raftars77\\\\Desktop\\\\Universidad\\\\Desarrollo de aplicaciones web II/daw2-2023_03_organizacion_torneos\'\n    \'SERVER_ADMIN\' => \'postmaster@localhost\'\n    \'SCRIPT_FILENAME\' => \'C:/Users/raftars77/Desktop/Universidad/Desarrollo de aplicaciones web II/daw2-2023_03_organizacion_torneos/basic/web/index.php\'\n    \'REMOTE_PORT\' => \'60488\'\n    \'GATEWAY_INTERFACE\' => \'CGI/1.1\'\n    \'SERVER_PROTOCOL\' => \'HTTP/1.1\'\n    \'REQUEST_METHOD\' => \'GET\'\n    \'QUERY_STRING\' => \'r=pista%2Fcreate\'\n    \'REQUEST_URI\' => \'/torneos/basic/web/index.php?r=pista%2Fcreate\'\n    \'SCRIPT_NAME\' => \'/torneos/basic/web/index.php\'\n    \'PHP_SELF\' => \'/torneos/basic/web/index.php\'\n    \'REQUEST_TIME_FLOAT\' => 1704835508.6034\n    \'REQUEST_TIME\' => 1704835508\n]'),(22410,'info','yii\\web\\Session::open','2024-01-09 21:25:10','[::1][-][-]','Session started'),(22411,'info','yii\\db\\Command::query','2024-01-09 21:25:10','[::1][-][-]','SHOW FULL COLUMNS FROM `pista`'),(22412,'info','yii\\db\\Connection::open','2024-01-09 21:25:10','[::1][-][-]','Opening DB connection: mysql:host=localhost;dbname=daw2_2023_03_organizacion_torneos'),(22413,'info','yii\\db\\Command::query','2024-01-09 21:25:10','[::1][-][-]','SELECT\r\n    `kcu`.`CONSTRAINT_NAME` AS `constraint_name`,\r\n    `kcu`.`COLUMN_NAME` AS `column_name`,\r\n    `kcu`.`REFERENCED_TABLE_NAME` AS `referenced_table_name`,\r\n    `kcu`.`REFERENCED_COLUMN_NAME` AS `referenced_column_name`\r\nFROM `information_schema`.`REFERENTIAL_CONSTRAINTS` AS `rc`\r\nJOIN `information_schema`.`KEY_COLUMN_USAGE` AS `kcu` ON\r\n    (\r\n        `kcu`.`CONSTRAINT_CATALOG` = `rc`.`CONSTRAINT_CATALOG` OR\r\n        (`kcu`.`CONSTRAINT_CATALOG` IS NULL AND `rc`.`CONSTRAINT_CATALOG` IS NULL)\r\n    ) AND\r\n    `kcu`.`CONSTRAINT_SCHEMA` = `rc`.`CONSTRAINT_SCHEMA` AND\r\n    `kcu`.`CONSTRAINT_NAME` = `rc`.`CONSTRAINT_NAME`\r\nWHERE `rc`.`CONSTRAINT_SCHEMA` = database() AND `kcu`.`TABLE_SCHEMA` = database()\r\nAND `rc`.`TABLE_NAME` = \'pista\' AND `kcu`.`TABLE_NAME` = \'pista\''),(22414,'info','yii\\db\\Command::query','2024-01-09 21:25:10','[::1][-][-]','SELECT COUNT(*) FROM `pista`'),(22415,'info','yii\\db\\Command::query','2024-01-09 21:25:10','[::1][-][-]','SELECT * FROM `pista` LIMIT 20'),(22416,'info','yii\\db\\Command::query','2024-01-09 21:25:10','[::1][-][-]','SELECT * FROM `direccion` WHERE `id`=1'),(22417,'info','yii\\db\\Command::query','2024-01-09 21:25:10','[::1][-][-]','SHOW FULL COLUMNS FROM `direccion`'),(22418,'info','yii\\db\\Command::query','2024-01-09 21:25:10','[::1][-][-]','SELECT\r\n    `kcu`.`CONSTRAINT_NAME` AS `constraint_name`,\r\n    `kcu`.`COLUMN_NAME` AS `column_name`,\r\n    `kcu`.`REFERENCED_TABLE_NAME` AS `referenced_table_name`,\r\n    `kcu`.`REFERENCED_COLUMN_NAME` AS `referenced_column_name`\r\nFROM `information_schema`.`REFERENTIAL_CONSTRAINTS` AS `rc`\r\nJOIN `information_schema`.`KEY_COLUMN_USAGE` AS `kcu` ON\r\n    (\r\n        `kcu`.`CONSTRAINT_CATALOG` = `rc`.`CONSTRAINT_CATALOG` OR\r\n        (`kcu`.`CONSTRAINT_CATALOG` IS NULL AND `rc`.`CONSTRAINT_CATALOG` IS NULL)\r\n    ) AND\r\n    `kcu`.`CONSTRAINT_SCHEMA` = `rc`.`CONSTRAINT_SCHEMA` AND\r\n    `kcu`.`CONSTRAINT_NAME` = `rc`.`CONSTRAINT_NAME`\r\nWHERE `rc`.`CONSTRAINT_SCHEMA` = database() AND `kcu`.`TABLE_SCHEMA` = database()\r\nAND `rc`.`TABLE_NAME` = \'direccion\' AND `kcu`.`TABLE_NAME` = \'direccion\''),(22419,'info','yii\\db\\Command::query','2024-01-09 21:25:10','[::1][-][-]','SELECT * FROM `disciplina` WHERE `id`=1'),(22420,'info','yii\\db\\Command::query','2024-01-09 21:25:10','[::1][-][-]','SHOW FULL COLUMNS FROM `disciplina`'),(22421,'info','yii\\db\\Command::query','2024-01-09 21:25:10','[::1][-][-]','SELECT\r\n    `kcu`.`CONSTRAINT_NAME` AS `constraint_name`,\r\n    `kcu`.`COLUMN_NAME` AS `column_name`,\r\n    `kcu`.`REFERENCED_TABLE_NAME` AS `referenced_table_name`,\r\n    `kcu`.`REFERENCED_COLUMN_NAME` AS `referenced_column_name`\r\nFROM `information_schema`.`REFERENTIAL_CONSTRAINTS` AS `rc`\r\nJOIN `information_schema`.`KEY_COLUMN_USAGE` AS `kcu` ON\r\n    (\r\n        `kcu`.`CONSTRAINT_CATALOG` = `rc`.`CONSTRAINT_CATALOG` OR\r\n        (`kcu`.`CONSTRAINT_CATALOG` IS NULL AND `rc`.`CONSTRAINT_CATALOG` IS NULL)\r\n    ) AND\r\n    `kcu`.`CONSTRAINT_SCHEMA` = `rc`.`CONSTRAINT_SCHEMA` AND\r\n    `kcu`.`CONSTRAINT_NAME` = `rc`.`CONSTRAINT_NAME`\r\nWHERE `rc`.`CONSTRAINT_SCHEMA` = database() AND `kcu`.`TABLE_SCHEMA` = database()\r\nAND `rc`.`TABLE_NAME` = \'disciplina\' AND `kcu`.`TABLE_NAME` = \'disciplina\''),(22422,'info','yii\\db\\Command::query','2024-01-09 21:25:10','[::1][-][-]','SELECT * FROM `direccion` WHERE `id`=2'),(22423,'info','yii\\db\\Command::query','2024-01-09 21:25:10','[::1][-][-]','SELECT * FROM `disciplina` WHERE `id`=2'),(22424,'info','yii\\db\\Command::query','2024-01-09 21:25:10','[::1][-][-]','SELECT * FROM `direccion` WHERE `id`=1'),(22425,'info','yii\\db\\Command::query','2024-01-09 21:25:10','[::1][-][-]','SELECT * FROM `disciplina` WHERE `id`=3'),(22426,'info','yii\\db\\Command::query','2024-01-09 21:25:10','[::1][-][-]','SELECT * FROM `direccion` WHERE `id`=3'),(22427,'info','yii\\db\\Command::query','2024-01-09 21:25:10','[::1][-][-]','SELECT * FROM `disciplina` WHERE `id`=2'),(22428,'info','yii\\db\\Command::query','2024-01-09 21:25:10','[::1][-][-]','SELECT * FROM `direccion` WHERE `id`=4'),(22429,'info','yii\\db\\Command::query','2024-01-09 21:25:10','[::1][-][-]','SELECT * FROM `disciplina` WHERE `id`=1'),(22430,'info','application','2024-01-09 21:25:10','[::1][-][-]','$_GET = [\n    \'r\' => \'pista/list\'\n]\n\n$_POST = []\n\n$_FILES = []\n\n$_COOKIE = [\n    \'_identity\' => \'edcd6e27002627862a30d25ea24843c297f13188ba7b9ad3db80f872e5887197a:2:{i:0;s:9:\\\"_identity\\\";i:1;s:28:\\\"[\\\"100\\\",\\\"test100key\\\",2592000]\\\";}\'\n    \'PHPSESSID\' => \'p27m3ek56s4agfdp3ibfcdeuqk\'\n    \'_csrf\' => \'10823acd8f0e343b7e535907e4ca8aa1d32b203d2f40f6850ced295da0c38ee7a:2:{i:0;s:5:\\\"_csrf\\\";i:1;s:32:\\\"6drlzHZ3CVRhQNTp5PCj3eTtMBS41Imr\\\";}\'\n]\n\n$_SESSION = [\n    \'__flash\' => []\n]\n\n$_SERVER = [\n    \'MIBDIRS\' => \'C:/xampp/php/extras/mibs\'\n    \'MYSQL_HOME\' => \'\\\\xampp\\\\mysql\\\\bin\'\n    \'OPENSSL_CONF\' => \'C:/xampp/apache/bin/openssl.cnf\'\n    \'PHP_PEAR_SYSCONF_DIR\' => \'\\\\xampp\\\\php\'\n    \'PHPRC\' => \'\\\\xampp\\\\php\'\n    \'TMP\' => \'\\\\xampp\\\\tmp\'\n    \'HTTP_HOST\' => \'localhost\'\n    \'HTTP_CONNECTION\' => \'keep-alive\'\n    \'HTTP_SEC_CH_UA\' => \'\\\"Not_A Brand\\\";v=\\\"8\\\", \\\"Chromium\\\";v=\\\"120\\\", \\\"Google Chrome\\\";v=\\\"120\\\"\'\n    \'HTTP_SEC_CH_UA_MOBILE\' => \'?0\'\n    \'HTTP_SEC_CH_UA_PLATFORM\' => \'\\\"Windows\\\"\'\n    \'HTTP_UPGRADE_INSECURE_REQUESTS\' => \'1\'\n    \'HTTP_USER_AGENT\' => \'Mozilla/5.0 (Windows NT 10.0; Win64; x64) AppleWebKit/537.36 (KHTML, like Gecko) Chrome/120.0.0.0 Safari/537.36\'\n    \'HTTP_ACCEPT\' => \'text/html,application/xhtml+xml,application/xml;q=0.9,image/avif,image/webp,image/apng,*/*;q=0.8,application/signed-exchange;v=b3;q=0.7\'\n    \'HTTP_SEC_FETCH_SITE\' => \'same-origin\'\n    \'HTTP_SEC_FETCH_MODE\' => \'navigate\'\n    \'HTTP_SEC_FETCH_USER\' => \'?1\'\n    \'HTTP_SEC_FETCH_DEST\' => \'document\'\n    \'HTTP_REFERER\' => \'http://localhost/torneos/basic/web/index.php?r=pista%2Fcreate\'\n    \'HTTP_ACCEPT_ENCODING\' => \'gzip, deflate, br\'\n    \'HTTP_ACCEPT_LANGUAGE\' => \'es-ES,es;q=0.9\'\n    \'HTTP_COOKIE\' => \'_identity=edcd6e27002627862a30d25ea24843c297f13188ba7b9ad3db80f872e5887197a%3A2%3A%7Bi%3A0%3Bs%3A9%3A%22_identity%22%3Bi%3A1%3Bs%3A28%3A%22%5B%22100%22%2C%22test100key%22%2C2592000%5D%22%3B%7D; PHPSESSID=p27m3ek56s4agfdp3ibfcdeuqk; _csrf=10823acd8f0e343b7e535907e4ca8aa1d32b203d2f40f6850ced295da0c38ee7a%3A2%3A%7Bi%3A0%3Bs%3A5%3A%22_csrf%22%3Bi%3A1%3Bs%3A32%3A%226drlzHZ3CVRhQNTp5PCj3eTtMBS41Imr%22%3B%7D\'\n    \'PATH\' => \'C:\\\\Program Files\\\\Common Files\\\\Oracle\\\\Java\\\\javapath;C:\\\\Windows\\\\system32;C:\\\\Windows;C:\\\\Windows\\\\System32\\\\Wbem;C:\\\\Windows\\\\System32\\\\WindowsPowerShell\\\\v1.0\\\\;C:\\\\Windows\\\\System32\\\\OpenSSH\\\\;C:\\\\Program Files (x86)\\\\NVIDIA Corporation\\\\PhysX\\\\Common;C:\\\\Program Files\\\\NVIDIA Corporation\\\\NVIDIA NvDLISR;C:\\\\Program Files\\\\Wolfram Research\\\\WolframScript\\\\;C:\\\\Program Files\\\\Git\\\\cmd;C:\\\\Program Files\\\\dotnet\\\\;C:\\\\Program Files\\\\AutoFirma\\\\AutoFirma;C:\\\\xampp\\\\php;C:\\\\Users\\\\raftars77\\\\AppData\\\\Local\\\\Programs\\\\Python\\\\Python311\\\\Scripts\\\\;C:\\\\Users\\\\raftars77\\\\AppData\\\\Local\\\\Programs\\\\Python\\\\Python311\\\\;C:\\\\Users\\\\raftars77\\\\AppData\\\\Local\\\\Microsoft\\\\WindowsApps;C:\\\\Users\\\\raftars77\\\\AppData\\\\Local\\\\Programs\\\\Microsoft VS Code\\\\bin\'\n    \'SystemRoot\' => \'C:\\\\Windows\'\n    \'COMSPEC\' => \'C:\\\\Windows\\\\system32\\\\cmd.exe\'\n    \'PATHEXT\' => \'.COM;.EXE;.BAT;.CMD;.VBS;.VBE;.JS;.JSE;.WSF;.WSH;.MSC\'\n    \'WINDIR\' => \'C:\\\\Windows\'\n    \'SERVER_SIGNATURE\' => \'<address>Apache/2.4.58 (Win64) OpenSSL/3.1.3 PHP/8.2.12 Server at localhost Port 80</address>\n\'\n    \'SERVER_SOFTWARE\' => \'Apache/2.4.58 (Win64) OpenSSL/3.1.3 PHP/8.2.12\'\n    \'SERVER_NAME\' => \'localhost\'\n    \'SERVER_ADDR\' => \'::1\'\n    \'SERVER_PORT\' => \'80\'\n    \'REMOTE_ADDR\' => \'::1\'\n    \'DOCUMENT_ROOT\' => \'C:/xampp/htdocs\'\n    \'REQUEST_SCHEME\' => \'http\'\n    \'CONTEXT_PREFIX\' => \'/torneos\'\n    \'CONTEXT_DOCUMENT_ROOT\' => \'C:\\\\Users\\\\raftars77\\\\Desktop\\\\Universidad\\\\Desarrollo de aplicaciones web II/daw2-2023_03_organizacion_torneos\'\n    \'SERVER_ADMIN\' => \'postmaster@localhost\'\n    \'SCRIPT_FILENAME\' => \'C:/Users/raftars77/Desktop/Universidad/Desarrollo de aplicaciones web II/daw2-2023_03_organizacion_torneos/basic/web/index.php\'\n    \'REMOTE_PORT\' => \'60489\'\n    \'GATEWAY_INTERFACE\' => \'CGI/1.1\'\n    \'SERVER_PROTOCOL\' => \'HTTP/1.1\'\n    \'REQUEST_METHOD\' => \'GET\'\n    \'QUERY_STRING\' => \'r=pista%2Flist\'\n    \'REQUEST_URI\' => \'/torneos/basic/web/index.php?r=pista%2Flist\'\n    \'SCRIPT_NAME\' => \'/torneos/basic/web/index.php\'\n    \'PHP_SELF\' => \'/torneos/basic/web/index.php\'\n    \'REQUEST_TIME_FLOAT\' => 1704835510.5904\n    \'REQUEST_TIME\' => 1704835510\n]'),(22431,'trace','yii\\base\\Application::bootstrap','2024-01-09 21:25:10','[::1][-][-]','Bootstrap with yii\\bootstrap5\\i18n\\TranslationBootstrap::bootstrap()'),(22432,'trace','yii\\base\\Application::bootstrap','2024-01-09 21:25:10','[::1][-][-]','Bootstrap with yii\\log\\Dispatcher'),(22433,'trace','yii\\base\\Module::getModule','2024-01-09 21:25:10','[::1][-][-]','Loading module: debug'),(22434,'trace','yii\\base\\Application::bootstrap','2024-01-09 21:25:10','[::1][-][-]','Bootstrap with yii\\debug\\Module::bootstrap()'),(22435,'trace','yii\\base\\Module::getModule','2024-01-09 21:25:10','[::1][-][-]','Loading module: gii'),(22436,'trace','yii\\base\\Application::bootstrap','2024-01-09 21:25:10','[::1][-][-]','Bootstrap with yii\\gii\\Module::bootstrap()'),(22437,'trace','yii\\web\\UrlManager::parseRequest','2024-01-09 21:25:10','[::1][-][-]','Pretty URL not enabled. Using default URL parsing logic.'),(22438,'trace','yii\\web\\Application::handleRequest','2024-01-09 21:25:10','[::1][-][-]','Route requested: \'pista/list\''),(22439,'trace','yii\\base\\Controller::runAction','2024-01-09 21:25:10','[::1][-][-]','Route to run: pista/list'),(22440,'trace','yii\\base\\InlineAction::runWithParams','2024-01-09 21:25:10','[::1][-][-]','Running action: app\\controllers\\PistaController::actionList()'),(22441,'trace','yii\\base\\View::renderFile','2024-01-09 21:25:10','[::1][-][-]','Rendering view file: C:\\Users\\raftars77\\Desktop\\Universidad\\Desarrollo de aplicaciones web II\\daw2-2023_03_organizacion_torneos\\basic\\views\\pista\\index.php'),(22442,'trace','yii\\base\\View::renderFile','2024-01-09 21:25:10','[::1][-][-]','Rendering view file: C:\\Users\\raftars77\\Desktop\\Universidad\\Desarrollo de aplicaciones web II\\daw2-2023_03_organizacion_torneos\\basic\\views\\layouts\\main.php'),(22443,'info','application','2024-01-09 21:25:10','[::1][-][-]','$_GET = [\n    \'r\' => \'pista/list\'\n]\n\n$_POST = []\n\n$_FILES = []\n\n$_COOKIE = [\n    \'_identity\' => \'edcd6e27002627862a30d25ea24843c297f13188ba7b9ad3db80f872e5887197a:2:{i:0;s:9:\\\"_identity\\\";i:1;s:28:\\\"[\\\"100\\\",\\\"test100key\\\",2592000]\\\";}\'\n    \'PHPSESSID\' => \'p27m3ek56s4agfdp3ibfcdeuqk\'\n    \'_csrf\' => \'10823acd8f0e343b7e535907e4ca8aa1d32b203d2f40f6850ced295da0c38ee7a:2:{i:0;s:5:\\\"_csrf\\\";i:1;s:32:\\\"6drlzHZ3CVRhQNTp5PCj3eTtMBS41Imr\\\";}\'\n]\n\n$_SESSION = [\n    \'__flash\' => []\n]\n\n$_SERVER = [\n    \'MIBDIRS\' => \'C:/xampp/php/extras/mibs\'\n    \'MYSQL_HOME\' => \'\\\\xampp\\\\mysql\\\\bin\'\n    \'OPENSSL_CONF\' => \'C:/xampp/apache/bin/openssl.cnf\'\n    \'PHP_PEAR_SYSCONF_DIR\' => \'\\\\xampp\\\\php\'\n    \'PHPRC\' => \'\\\\xampp\\\\php\'\n    \'TMP\' => \'\\\\xampp\\\\tmp\'\n    \'HTTP_HOST\' => \'localhost\'\n    \'HTTP_CONNECTION\' => \'keep-alive\'\n    \'HTTP_SEC_CH_UA\' => \'\\\"Not_A Brand\\\";v=\\\"8\\\", \\\"Chromium\\\";v=\\\"120\\\", \\\"Google Chrome\\\";v=\\\"120\\\"\'\n    \'HTTP_SEC_CH_UA_MOBILE\' => \'?0\'\n    \'HTTP_SEC_CH_UA_PLATFORM\' => \'\\\"Windows\\\"\'\n    \'HTTP_UPGRADE_INSECURE_REQUESTS\' => \'1\'\n    \'HTTP_USER_AGENT\' => \'Mozilla/5.0 (Windows NT 10.0; Win64; x64) AppleWebKit/537.36 (KHTML, like Gecko) Chrome/120.0.0.0 Safari/537.36\'\n    \'HTTP_ACCEPT\' => \'text/html,application/xhtml+xml,application/xml;q=0.9,image/avif,image/webp,image/apng,*/*;q=0.8,application/signed-exchange;v=b3;q=0.7\'\n    \'HTTP_SEC_FETCH_SITE\' => \'same-origin\'\n    \'HTTP_SEC_FETCH_MODE\' => \'navigate\'\n    \'HTTP_SEC_FETCH_USER\' => \'?1\'\n    \'HTTP_SEC_FETCH_DEST\' => \'document\'\n    \'HTTP_REFERER\' => \'http://localhost/torneos/basic/web/index.php?r=pista%2Fcreate\'\n    \'HTTP_ACCEPT_ENCODING\' => \'gzip, deflate, br\'\n    \'HTTP_ACCEPT_LANGUAGE\' => \'es-ES,es;q=0.9\'\n    \'HTTP_COOKIE\' => \'_identity=edcd6e27002627862a30d25ea24843c297f13188ba7b9ad3db80f872e5887197a%3A2%3A%7Bi%3A0%3Bs%3A9%3A%22_identity%22%3Bi%3A1%3Bs%3A28%3A%22%5B%22100%22%2C%22test100key%22%2C2592000%5D%22%3B%7D; PHPSESSID=p27m3ek56s4agfdp3ibfcdeuqk; _csrf=10823acd8f0e343b7e535907e4ca8aa1d32b203d2f40f6850ced295da0c38ee7a%3A2%3A%7Bi%3A0%3Bs%3A5%3A%22_csrf%22%3Bi%3A1%3Bs%3A32%3A%226drlzHZ3CVRhQNTp5PCj3eTtMBS41Imr%22%3B%7D\'\n    \'PATH\' => \'C:\\\\Program Files\\\\Common Files\\\\Oracle\\\\Java\\\\javapath;C:\\\\Windows\\\\system32;C:\\\\Windows;C:\\\\Windows\\\\System32\\\\Wbem;C:\\\\Windows\\\\System32\\\\WindowsPowerShell\\\\v1.0\\\\;C:\\\\Windows\\\\System32\\\\OpenSSH\\\\;C:\\\\Program Files (x86)\\\\NVIDIA Corporation\\\\PhysX\\\\Common;C:\\\\Program Files\\\\NVIDIA Corporation\\\\NVIDIA NvDLISR;C:\\\\Program Files\\\\Wolfram Research\\\\WolframScript\\\\;C:\\\\Program Files\\\\Git\\\\cmd;C:\\\\Program Files\\\\dotnet\\\\;C:\\\\Program Files\\\\AutoFirma\\\\AutoFirma;C:\\\\xampp\\\\php;C:\\\\Users\\\\raftars77\\\\AppData\\\\Local\\\\Programs\\\\Python\\\\Python311\\\\Scripts\\\\;C:\\\\Users\\\\raftars77\\\\AppData\\\\Local\\\\Programs\\\\Python\\\\Python311\\\\;C:\\\\Users\\\\raftars77\\\\AppData\\\\Local\\\\Microsoft\\\\WindowsApps;C:\\\\Users\\\\raftars77\\\\AppData\\\\Local\\\\Programs\\\\Microsoft VS Code\\\\bin\'\n    \'SystemRoot\' => \'C:\\\\Windows\'\n    \'COMSPEC\' => \'C:\\\\Windows\\\\system32\\\\cmd.exe\'\n    \'PATHEXT\' => \'.COM;.EXE;.BAT;.CMD;.VBS;.VBE;.JS;.JSE;.WSF;.WSH;.MSC\'\n    \'WINDIR\' => \'C:\\\\Windows\'\n    \'SERVER_SIGNATURE\' => \'<address>Apache/2.4.58 (Win64) OpenSSL/3.1.3 PHP/8.2.12 Server at localhost Port 80</address>\n\'\n    \'SERVER_SOFTWARE\' => \'Apache/2.4.58 (Win64) OpenSSL/3.1.3 PHP/8.2.12\'\n    \'SERVER_NAME\' => \'localhost\'\n    \'SERVER_ADDR\' => \'::1\'\n    \'SERVER_PORT\' => \'80\'\n    \'REMOTE_ADDR\' => \'::1\'\n    \'DOCUMENT_ROOT\' => \'C:/xampp/htdocs\'\n    \'REQUEST_SCHEME\' => \'http\'\n    \'CONTEXT_PREFIX\' => \'/torneos\'\n    \'CONTEXT_DOCUMENT_ROOT\' => \'C:\\\\Users\\\\raftars77\\\\Desktop\\\\Universidad\\\\Desarrollo de aplicaciones web II/daw2-2023_03_organizacion_torneos\'\n    \'SERVER_ADMIN\' => \'postmaster@localhost\'\n    \'SCRIPT_FILENAME\' => \'C:/Users/raftars77/Desktop/Universidad/Desarrollo de aplicaciones web II/daw2-2023_03_organizacion_torneos/basic/web/index.php\'\n    \'REMOTE_PORT\' => \'60489\'\n    \'GATEWAY_INTERFACE\' => \'CGI/1.1\'\n    \'SERVER_PROTOCOL\' => \'HTTP/1.1\'\n    \'REQUEST_METHOD\' => \'GET\'\n    \'QUERY_STRING\' => \'r=pista%2Flist\'\n    \'REQUEST_URI\' => \'/torneos/basic/web/index.php?r=pista%2Flist\'\n    \'SCRIPT_NAME\' => \'/torneos/basic/web/index.php\'\n    \'PHP_SELF\' => \'/torneos/basic/web/index.php\'\n    \'REQUEST_TIME_FLOAT\' => 1704835510.5904\n    \'REQUEST_TIME\' => 1704835510\n]'),(22444,'info','yii\\web\\Session::open','2024-01-09 21:25:11','[::1][-][-]','Session started'),(22445,'info','yii\\db\\Command::query','2024-01-09 21:25:11','[::1][-][-]','SHOW FULL COLUMNS FROM `direccion`'),(22446,'info','yii\\db\\Connection::open','2024-01-09 21:25:11','[::1][-][-]','Opening DB connection: mysql:host=localhost;dbname=daw2_2023_03_organizacion_torneos'),(22447,'info','yii\\db\\Command::query','2024-01-09 21:25:11','[::1][-][-]','SELECT\r\n    `kcu`.`CONSTRAINT_NAME` AS `constraint_name`,\r\n    `kcu`.`COLUMN_NAME` AS `column_name`,\r\n    `kcu`.`REFERENCED_TABLE_NAME` AS `referenced_table_name`,\r\n    `kcu`.`REFERENCED_COLUMN_NAME` AS `referenced_column_name`\r\nFROM `information_schema`.`REFERENTIAL_CONSTRAINTS` AS `rc`\r\nJOIN `information_schema`.`KEY_COLUMN_USAGE` AS `kcu` ON\r\n    (\r\n        `kcu`.`CONSTRAINT_CATALOG` = `rc`.`CONSTRAINT_CATALOG` OR\r\n        (`kcu`.`CONSTRAINT_CATALOG` IS NULL AND `rc`.`CONSTRAINT_CATALOG` IS NULL)\r\n    ) AND\r\n    `kcu`.`CONSTRAINT_SCHEMA` = `rc`.`CONSTRAINT_SCHEMA` AND\r\n    `kcu`.`CONSTRAINT_NAME` = `rc`.`CONSTRAINT_NAME`\r\nWHERE `rc`.`CONSTRAINT_SCHEMA` = database() AND `kcu`.`TABLE_SCHEMA` = database()\r\nAND `rc`.`TABLE_NAME` = \'direccion\' AND `kcu`.`TABLE_NAME` = \'direccion\''),(22448,'info','yii\\db\\Command::query','2024-01-09 21:25:11','[::1][-][-]','SELECT * FROM `direccion` WHERE `id`=\'4\''),(22449,'info','application','2024-01-09 21:25:11','[::1][-][-]','$_GET = [\n    \'r\' => \'direccion/view\'\n    \'id\' => \'4\'\n    \'_pjax\' => \'#p0\'\n]\n\n$_POST = []\n\n$_FILES = []\n\n$_COOKIE = [\n    \'_identity\' => \'edcd6e27002627862a30d25ea24843c297f13188ba7b9ad3db80f872e5887197a:2:{i:0;s:9:\\\"_identity\\\";i:1;s:28:\\\"[\\\"100\\\",\\\"test100key\\\",2592000]\\\";}\'\n    \'PHPSESSID\' => \'p27m3ek56s4agfdp3ibfcdeuqk\'\n    \'_csrf\' => \'10823acd8f0e343b7e535907e4ca8aa1d32b203d2f40f6850ced295da0c38ee7a:2:{i:0;s:5:\\\"_csrf\\\";i:1;s:32:\\\"6drlzHZ3CVRhQNTp5PCj3eTtMBS41Imr\\\";}\'\n]\n\n$_SESSION = [\n    \'__flash\' => []\n]\n\n$_SERVER = [\n    \'MIBDIRS\' => \'C:/xampp/php/extras/mibs\'\n    \'MYSQL_HOME\' => \'\\\\xampp\\\\mysql\\\\bin\'\n    \'OPENSSL_CONF\' => \'C:/xampp/apache/bin/openssl.cnf\'\n    \'PHP_PEAR_SYSCONF_DIR\' => \'\\\\xampp\\\\php\'\n    \'PHPRC\' => \'\\\\xampp\\\\php\'\n    \'TMP\' => \'\\\\xampp\\\\tmp\'\n    \'HTTP_HOST\' => \'localhost\'\n    \'HTTP_CONNECTION\' => \'keep-alive\'\n    \'HTTP_SEC_CH_UA\' => \'\\\"Not_A Brand\\\";v=\\\"8\\\", \\\"Chromium\\\";v=\\\"120\\\", \\\"Google Chrome\\\";v=\\\"120\\\"\'\n    \'HTTP_X_CSRF_TOKEN\' => \'6WVNEJskPG3b9C21NkoH6CRBfu2l5wTsixOFs5qD2pXfAT984WxmXpiif91nBFOYERE9h5aCUJjGUdaHq8q35w==\'\n    \'HTTP_SEC_CH_UA_MOBILE\' => \'?0\'\n    \'HTTP_USER_AGENT\' => \'Mozilla/5.0 (Windows NT 10.0; Win64; x64) AppleWebKit/537.36 (KHTML, like Gecko) Chrome/120.0.0.0 Safari/537.36\'\n    \'CONTENT_TYPE\' => \'application/x-www-form-urlencoded; charset=UTF-8\'\n    \'HTTP_ACCEPT\' => \'text/html, */*; q=0.01\'\n    \'HTTP_X_REQUESTED_WITH\' => \'XMLHttpRequest\'\n    \'HTTP_X_PJAX\' => \'true\'\n    \'HTTP_X_PJAX_CONTAINER\' => \'#p0\'\n    \'HTTP_SEC_CH_UA_PLATFORM\' => \'\\\"Windows\\\"\'\n    \'HTTP_SEC_FETCH_SITE\' => \'same-origin\'\n    \'HTTP_SEC_FETCH_MODE\' => \'cors\'\n    \'HTTP_SEC_FETCH_DEST\' => \'empty\'\n    \'HTTP_REFERER\' => \'http://localhost/torneos/basic/web/index.php?r=pista%2Flist\'\n    \'HTTP_ACCEPT_ENCODING\' => \'gzip, deflate, br\'\n    \'HTTP_ACCEPT_LANGUAGE\' => \'es-ES,es;q=0.9\'\n    \'HTTP_COOKIE\' => \'_identity=edcd6e27002627862a30d25ea24843c297f13188ba7b9ad3db80f872e5887197a%3A2%3A%7Bi%3A0%3Bs%3A9%3A%22_identity%22%3Bi%3A1%3Bs%3A28%3A%22%5B%22100%22%2C%22test100key%22%2C2592000%5D%22%3B%7D; PHPSESSID=p27m3ek56s4agfdp3ibfcdeuqk; _csrf=10823acd8f0e343b7e535907e4ca8aa1d32b203d2f40f6850ced295da0c38ee7a%3A2%3A%7Bi%3A0%3Bs%3A5%3A%22_csrf%22%3Bi%3A1%3Bs%3A32%3A%226drlzHZ3CVRhQNTp5PCj3eTtMBS41Imr%22%3B%7D\'\n    \'PATH\' => \'C:\\\\Program Files\\\\Common Files\\\\Oracle\\\\Java\\\\javapath;C:\\\\Windows\\\\system32;C:\\\\Windows;C:\\\\Windows\\\\System32\\\\Wbem;C:\\\\Windows\\\\System32\\\\WindowsPowerShell\\\\v1.0\\\\;C:\\\\Windows\\\\System32\\\\OpenSSH\\\\;C:\\\\Program Files (x86)\\\\NVIDIA Corporation\\\\PhysX\\\\Common;C:\\\\Program Files\\\\NVIDIA Corporation\\\\NVIDIA NvDLISR;C:\\\\Program Files\\\\Wolfram Research\\\\WolframScript\\\\;C:\\\\Program Files\\\\Git\\\\cmd;C:\\\\Program Files\\\\dotnet\\\\;C:\\\\Program Files\\\\AutoFirma\\\\AutoFirma;C:\\\\xampp\\\\php;C:\\\\Users\\\\raftars77\\\\AppData\\\\Local\\\\Programs\\\\Python\\\\Python311\\\\Scripts\\\\;C:\\\\Users\\\\raftars77\\\\AppData\\\\Local\\\\Programs\\\\Python\\\\Python311\\\\;C:\\\\Users\\\\raftars77\\\\AppData\\\\Local\\\\Microsoft\\\\WindowsApps;C:\\\\Users\\\\raftars77\\\\AppData\\\\Local\\\\Programs\\\\Microsoft VS Code\\\\bin\'\n    \'SystemRoot\' => \'C:\\\\Windows\'\n    \'COMSPEC\' => \'C:\\\\Windows\\\\system32\\\\cmd.exe\'\n    \'PATHEXT\' => \'.COM;.EXE;.BAT;.CMD;.VBS;.VBE;.JS;.JSE;.WSF;.WSH;.MSC\'\n    \'WINDIR\' => \'C:\\\\Windows\'\n    \'SERVER_SIGNATURE\' => \'<address>Apache/2.4.58 (Win64) OpenSSL/3.1.3 PHP/8.2.12 Server at localhost Port 80</address>\n\'\n    \'SERVER_SOFTWARE\' => \'Apache/2.4.58 (Win64) OpenSSL/3.1.3 PHP/8.2.12\'\n    \'SERVER_NAME\' => \'localhost\'\n    \'SERVER_ADDR\' => \'::1\'\n    \'SERVER_PORT\' => \'80\'\n    \'REMOTE_ADDR\' => \'::1\'\n    \'DOCUMENT_ROOT\' => \'C:/xampp/htdocs\'\n    \'REQUEST_SCHEME\' => \'http\'\n    \'CONTEXT_PREFIX\' => \'/torneos\'\n    \'CONTEXT_DOCUMENT_ROOT\' => \'C:\\\\Users\\\\raftars77\\\\Desktop\\\\Universidad\\\\Desarrollo de aplicaciones web II/daw2-2023_03_organizacion_torneos\'\n    \'SERVER_ADMIN\' => \'postmaster@localhost\'\n    \'SCRIPT_FILENAME\' => \'C:/Users/raftars77/Desktop/Universidad/Desarrollo de aplicaciones web II/daw2-2023_03_organizacion_torneos/basic/web/index.php\'\n    \'REMOTE_PORT\' => \'60488\'\n    \'GATEWAY_INTERFACE\' => \'CGI/1.1\'\n    \'SERVER_PROTOCOL\' => \'HTTP/1.1\'\n    \'REQUEST_METHOD\' => \'GET\'\n    \'QUERY_STRING\' => \'r=direccion%2Fview&id=4&_pjax=%23p0\'\n    \'REQUEST_URI\' => \'/torneos/basic/web/index.php?r=direccion%2Fview&id=4&_pjax=%23p0\'\n    \'SCRIPT_NAME\' => \'/torneos/basic/web/index.php\'\n    \'PHP_SELF\' => \'/torneos/basic/web/index.php\'\n    \'REQUEST_TIME_FLOAT\' => 1704835511.7476\n    \'REQUEST_TIME\' => 1704835511\n]'),(22450,'trace','yii\\base\\Application::bootstrap','2024-01-09 21:25:11','[::1][-][-]','Bootstrap with yii\\bootstrap5\\i18n\\TranslationBootstrap::bootstrap()'),(22451,'trace','yii\\base\\Application::bootstrap','2024-01-09 21:25:11','[::1][-][-]','Bootstrap with yii\\log\\Dispatcher'),(22452,'trace','yii\\base\\Module::getModule','2024-01-09 21:25:11','[::1][-][-]','Loading module: debug'),(22453,'trace','yii\\base\\Application::bootstrap','2024-01-09 21:25:11','[::1][-][-]','Bootstrap with yii\\debug\\Module::bootstrap()'),(22454,'trace','yii\\base\\Module::getModule','2024-01-09 21:25:11','[::1][-][-]','Loading module: gii'),(22455,'trace','yii\\base\\Application::bootstrap','2024-01-09 21:25:11','[::1][-][-]','Bootstrap with yii\\gii\\Module::bootstrap()'),(22456,'trace','yii\\web\\UrlManager::parseRequest','2024-01-09 21:25:11','[::1][-][-]','Pretty URL not enabled. Using default URL parsing logic.'),(22457,'trace','yii\\web\\Application::handleRequest','2024-01-09 21:25:11','[::1][-][-]','Route requested: \'direccion/view\''),(22458,'trace','yii\\base\\Controller::runAction','2024-01-09 21:25:11','[::1][-][-]','Route to run: direccion/view'),(22459,'trace','yii\\base\\InlineAction::runWithParams','2024-01-09 21:25:11','[::1][-][-]','Running action: app\\controllers\\DireccionController::actionView()'),(22460,'trace','yii\\base\\View::renderFile','2024-01-09 21:25:11','[::1][-][-]','Rendering view file: C:\\Users\\raftars77\\Desktop\\Universidad\\Desarrollo de aplicaciones web II\\daw2-2023_03_organizacion_torneos\\basic\\views\\direccion\\view.php'),(22461,'trace','yii\\base\\View::renderFile','2024-01-09 21:25:11','[::1][-][-]','Rendering view file: C:\\Users\\raftars77\\Desktop\\Universidad\\Desarrollo de aplicaciones web II\\daw2-2023_03_organizacion_torneos\\basic\\views\\layouts\\main.php'),(22462,'info','application','2024-01-09 21:25:11','[::1][-][-]','$_GET = [\n    \'r\' => \'direccion/view\'\n    \'id\' => \'4\'\n    \'_pjax\' => \'#p0\'\n]\n\n$_POST = []\n\n$_FILES = []\n\n$_COOKIE = [\n    \'_identity\' => \'edcd6e27002627862a30d25ea24843c297f13188ba7b9ad3db80f872e5887197a:2:{i:0;s:9:\\\"_identity\\\";i:1;s:28:\\\"[\\\"100\\\",\\\"test100key\\\",2592000]\\\";}\'\n    \'PHPSESSID\' => \'p27m3ek56s4agfdp3ibfcdeuqk\'\n    \'_csrf\' => \'10823acd8f0e343b7e535907e4ca8aa1d32b203d2f40f6850ced295da0c38ee7a:2:{i:0;s:5:\\\"_csrf\\\";i:1;s:32:\\\"6drlzHZ3CVRhQNTp5PCj3eTtMBS41Imr\\\";}\'\n]\n\n$_SESSION = [\n    \'__flash\' => []\n]\n\n$_SERVER = [\n    \'MIBDIRS\' => \'C:/xampp/php/extras/mibs\'\n    \'MYSQL_HOME\' => \'\\\\xampp\\\\mysql\\\\bin\'\n    \'OPENSSL_CONF\' => \'C:/xampp/apache/bin/openssl.cnf\'\n    \'PHP_PEAR_SYSCONF_DIR\' => \'\\\\xampp\\\\php\'\n    \'PHPRC\' => \'\\\\xampp\\\\php\'\n    \'TMP\' => \'\\\\xampp\\\\tmp\'\n    \'HTTP_HOST\' => \'localhost\'\n    \'HTTP_CONNECTION\' => \'keep-alive\'\n    \'HTTP_SEC_CH_UA\' => \'\\\"Not_A Brand\\\";v=\\\"8\\\", \\\"Chromium\\\";v=\\\"120\\\", \\\"Google Chrome\\\";v=\\\"120\\\"\'\n    \'HTTP_X_CSRF_TOKEN\' => \'6WVNEJskPG3b9C21NkoH6CRBfu2l5wTsixOFs5qD2pXfAT984WxmXpiif91nBFOYERE9h5aCUJjGUdaHq8q35w==\'\n    \'HTTP_SEC_CH_UA_MOBILE\' => \'?0\'\n    \'HTTP_USER_AGENT\' => \'Mozilla/5.0 (Windows NT 10.0; Win64; x64) AppleWebKit/537.36 (KHTML, like Gecko) Chrome/120.0.0.0 Safari/537.36\'\n    \'CONTENT_TYPE\' => \'application/x-www-form-urlencoded; charset=UTF-8\'\n    \'HTTP_ACCEPT\' => \'text/html, */*; q=0.01\'\n    \'HTTP_X_REQUESTED_WITH\' => \'XMLHttpRequest\'\n    \'HTTP_X_PJAX\' => \'true\'\n    \'HTTP_X_PJAX_CONTAINER\' => \'#p0\'\n    \'HTTP_SEC_CH_UA_PLATFORM\' => \'\\\"Windows\\\"\'\n    \'HTTP_SEC_FETCH_SITE\' => \'same-origin\'\n    \'HTTP_SEC_FETCH_MODE\' => \'cors\'\n    \'HTTP_SEC_FETCH_DEST\' => \'empty\'\n    \'HTTP_REFERER\' => \'http://localhost/torneos/basic/web/index.php?r=pista%2Flist\'\n    \'HTTP_ACCEPT_ENCODING\' => \'gzip, deflate, br\'\n    \'HTTP_ACCEPT_LANGUAGE\' => \'es-ES,es;q=0.9\'\n    \'HTTP_COOKIE\' => \'_identity=edcd6e27002627862a30d25ea24843c297f13188ba7b9ad3db80f872e5887197a%3A2%3A%7Bi%3A0%3Bs%3A9%3A%22_identity%22%3Bi%3A1%3Bs%3A28%3A%22%5B%22100%22%2C%22test100key%22%2C2592000%5D%22%3B%7D; PHPSESSID=p27m3ek56s4agfdp3ibfcdeuqk; _csrf=10823acd8f0e343b7e535907e4ca8aa1d32b203d2f40f6850ced295da0c38ee7a%3A2%3A%7Bi%3A0%3Bs%3A5%3A%22_csrf%22%3Bi%3A1%3Bs%3A32%3A%226drlzHZ3CVRhQNTp5PCj3eTtMBS41Imr%22%3B%7D\'\n    \'PATH\' => \'C:\\\\Program Files\\\\Common Files\\\\Oracle\\\\Java\\\\javapath;C:\\\\Windows\\\\system32;C:\\\\Windows;C:\\\\Windows\\\\System32\\\\Wbem;C:\\\\Windows\\\\System32\\\\WindowsPowerShell\\\\v1.0\\\\;C:\\\\Windows\\\\System32\\\\OpenSSH\\\\;C:\\\\Program Files (x86)\\\\NVIDIA Corporation\\\\PhysX\\\\Common;C:\\\\Program Files\\\\NVIDIA Corporation\\\\NVIDIA NvDLISR;C:\\\\Program Files\\\\Wolfram Research\\\\WolframScript\\\\;C:\\\\Program Files\\\\Git\\\\cmd;C:\\\\Program Files\\\\dotnet\\\\;C:\\\\Program Files\\\\AutoFirma\\\\AutoFirma;C:\\\\xampp\\\\php;C:\\\\Users\\\\raftars77\\\\AppData\\\\Local\\\\Programs\\\\Python\\\\Python311\\\\Scripts\\\\;C:\\\\Users\\\\raftars77\\\\AppData\\\\Local\\\\Programs\\\\Python\\\\Python311\\\\;C:\\\\Users\\\\raftars77\\\\AppData\\\\Local\\\\Microsoft\\\\WindowsApps;C:\\\\Users\\\\raftars77\\\\AppData\\\\Local\\\\Programs\\\\Microsoft VS Code\\\\bin\'\n    \'SystemRoot\' => \'C:\\\\Windows\'\n    \'COMSPEC\' => \'C:\\\\Windows\\\\system32\\\\cmd.exe\'\n    \'PATHEXT\' => \'.COM;.EXE;.BAT;.CMD;.VBS;.VBE;.JS;.JSE;.WSF;.WSH;.MSC\'\n    \'WINDIR\' => \'C:\\\\Windows\'\n    \'SERVER_SIGNATURE\' => \'<address>Apache/2.4.58 (Win64) OpenSSL/3.1.3 PHP/8.2.12 Server at localhost Port 80</address>\n\'\n    \'SERVER_SOFTWARE\' => \'Apache/2.4.58 (Win64) OpenSSL/3.1.3 PHP/8.2.12\'\n    \'SERVER_NAME\' => \'localhost\'\n    \'SERVER_ADDR\' => \'::1\'\n    \'SERVER_PORT\' => \'80\'\n    \'REMOTE_ADDR\' => \'::1\'\n    \'DOCUMENT_ROOT\' => \'C:/xampp/htdocs\'\n    \'REQUEST_SCHEME\' => \'http\'\n    \'CONTEXT_PREFIX\' => \'/torneos\'\n    \'CONTEXT_DOCUMENT_ROOT\' => \'C:\\\\Users\\\\raftars77\\\\Desktop\\\\Universidad\\\\Desarrollo de aplicaciones web II/daw2-2023_03_organizacion_torneos\'\n    \'SERVER_ADMIN\' => \'postmaster@localhost\'\n    \'SCRIPT_FILENAME\' => \'C:/Users/raftars77/Desktop/Universidad/Desarrollo de aplicaciones web II/daw2-2023_03_organizacion_torneos/basic/web/index.php\'\n    \'REMOTE_PORT\' => \'60488\'\n    \'GATEWAY_INTERFACE\' => \'CGI/1.1\'\n    \'SERVER_PROTOCOL\' => \'HTTP/1.1\'\n    \'REQUEST_METHOD\' => \'GET\'\n    \'QUERY_STRING\' => \'r=direccion%2Fview&id=4&_pjax=%23p0\'\n    \'REQUEST_URI\' => \'/torneos/basic/web/index.php?r=direccion%2Fview&id=4&_pjax=%23p0\'\n    \'SCRIPT_NAME\' => \'/torneos/basic/web/index.php\'\n    \'PHP_SELF\' => \'/torneos/basic/web/index.php\'\n    \'REQUEST_TIME_FLOAT\' => 1704835511.7476\n    \'REQUEST_TIME\' => 1704835511\n]'),(22463,'info','yii\\web\\Session::open','2024-01-09 21:25:11','[::1][-][-]','Session started'),(22464,'info','yii\\db\\Command::query','2024-01-09 21:25:11','[::1][-][-]','SHOW FULL COLUMNS FROM `direccion`'),(22465,'info','yii\\db\\Connection::open','2024-01-09 21:25:11','[::1][-][-]','Opening DB connection: mysql:host=localhost;dbname=daw2_2023_03_organizacion_torneos'),(22466,'info','yii\\db\\Command::query','2024-01-09 21:25:11','[::1][-][-]','SELECT\r\n    `kcu`.`CONSTRAINT_NAME` AS `constraint_name`,\r\n    `kcu`.`COLUMN_NAME` AS `column_name`,\r\n    `kcu`.`REFERENCED_TABLE_NAME` AS `referenced_table_name`,\r\n    `kcu`.`REFERENCED_COLUMN_NAME` AS `referenced_column_name`\r\nFROM `information_schema`.`REFERENTIAL_CONSTRAINTS` AS `rc`\r\nJOIN `information_schema`.`KEY_COLUMN_USAGE` AS `kcu` ON\r\n    (\r\n        `kcu`.`CONSTRAINT_CATALOG` = `rc`.`CONSTRAINT_CATALOG` OR\r\n        (`kcu`.`CONSTRAINT_CATALOG` IS NULL AND `rc`.`CONSTRAINT_CATALOG` IS NULL)\r\n    ) AND\r\n    `kcu`.`CONSTRAINT_SCHEMA` = `rc`.`CONSTRAINT_SCHEMA` AND\r\n    `kcu`.`CONSTRAINT_NAME` = `rc`.`CONSTRAINT_NAME`\r\nWHERE `rc`.`CONSTRAINT_SCHEMA` = database() AND `kcu`.`TABLE_SCHEMA` = database()\r\nAND `rc`.`TABLE_NAME` = \'direccion\' AND `kcu`.`TABLE_NAME` = \'direccion\''),(22467,'info','yii\\db\\Command::query','2024-01-09 21:25:11','[::1][-][-]','SELECT * FROM `direccion` WHERE `id`=\'4\''),(22468,'info','application','2024-01-09 21:25:11','[::1][-][-]','$_GET = [\n    \'r\' => \'direccion/view\'\n    \'id\' => \'4\'\n]\n\n$_POST = []\n\n$_FILES = []\n\n$_COOKIE = [\n    \'_identity\' => \'edcd6e27002627862a30d25ea24843c297f13188ba7b9ad3db80f872e5887197a:2:{i:0;s:9:\\\"_identity\\\";i:1;s:28:\\\"[\\\"100\\\",\\\"test100key\\\",2592000]\\\";}\'\n    \'PHPSESSID\' => \'p27m3ek56s4agfdp3ibfcdeuqk\'\n    \'_csrf\' => \'10823acd8f0e343b7e535907e4ca8aa1d32b203d2f40f6850ced295da0c38ee7a:2:{i:0;s:5:\\\"_csrf\\\";i:1;s:32:\\\"6drlzHZ3CVRhQNTp5PCj3eTtMBS41Imr\\\";}\'\n]\n\n$_SESSION = [\n    \'__flash\' => []\n]\n\n$_SERVER = [\n    \'MIBDIRS\' => \'C:/xampp/php/extras/mibs\'\n    \'MYSQL_HOME\' => \'\\\\xampp\\\\mysql\\\\bin\'\n    \'OPENSSL_CONF\' => \'C:/xampp/apache/bin/openssl.cnf\'\n    \'PHP_PEAR_SYSCONF_DIR\' => \'\\\\xampp\\\\php\'\n    \'PHPRC\' => \'\\\\xampp\\\\php\'\n    \'TMP\' => \'\\\\xampp\\\\tmp\'\n    \'HTTP_HOST\' => \'localhost\'\n    \'HTTP_CONNECTION\' => \'keep-alive\'\n    \'HTTP_SEC_CH_UA\' => \'\\\"Not_A Brand\\\";v=\\\"8\\\", \\\"Chromium\\\";v=\\\"120\\\", \\\"Google Chrome\\\";v=\\\"120\\\"\'\n    \'HTTP_SEC_CH_UA_MOBILE\' => \'?0\'\n    \'HTTP_SEC_CH_UA_PLATFORM\' => \'\\\"Windows\\\"\'\n    \'HTTP_UPGRADE_INSECURE_REQUESTS\' => \'1\'\n    \'HTTP_USER_AGENT\' => \'Mozilla/5.0 (Windows NT 10.0; Win64; x64) AppleWebKit/537.36 (KHTML, like Gecko) Chrome/120.0.0.0 Safari/537.36\'\n    \'HTTP_ACCEPT\' => \'text/html,application/xhtml+xml,application/xml;q=0.9,image/avif,image/webp,image/apng,*/*;q=0.8,application/signed-exchange;v=b3;q=0.7\'\n    \'HTTP_SEC_FETCH_SITE\' => \'same-origin\'\n    \'HTTP_SEC_FETCH_MODE\' => \'navigate\'\n    \'HTTP_SEC_FETCH_USER\' => \'?1\'\n    \'HTTP_SEC_FETCH_DEST\' => \'document\'\n    \'HTTP_REFERER\' => \'http://localhost/torneos/basic/web/index.php?r=pista%2Flist\'\n    \'HTTP_ACCEPT_ENCODING\' => \'gzip, deflate, br\'\n    \'HTTP_ACCEPT_LANGUAGE\' => \'es-ES,es;q=0.9\'\n    \'HTTP_COOKIE\' => \'_identity=edcd6e27002627862a30d25ea24843c297f13188ba7b9ad3db80f872e5887197a%3A2%3A%7Bi%3A0%3Bs%3A9%3A%22_identity%22%3Bi%3A1%3Bs%3A28%3A%22%5B%22100%22%2C%22test100key%22%2C2592000%5D%22%3B%7D; PHPSESSID=p27m3ek56s4agfdp3ibfcdeuqk; _csrf=10823acd8f0e343b7e535907e4ca8aa1d32b203d2f40f6850ced295da0c38ee7a%3A2%3A%7Bi%3A0%3Bs%3A5%3A%22_csrf%22%3Bi%3A1%3Bs%3A32%3A%226drlzHZ3CVRhQNTp5PCj3eTtMBS41Imr%22%3B%7D\'\n    \'PATH\' => \'C:\\\\Program Files\\\\Common Files\\\\Oracle\\\\Java\\\\javapath;C:\\\\Windows\\\\system32;C:\\\\Windows;C:\\\\Windows\\\\System32\\\\Wbem;C:\\\\Windows\\\\System32\\\\WindowsPowerShell\\\\v1.0\\\\;C:\\\\Windows\\\\System32\\\\OpenSSH\\\\;C:\\\\Program Files (x86)\\\\NVIDIA Corporation\\\\PhysX\\\\Common;C:\\\\Program Files\\\\NVIDIA Corporation\\\\NVIDIA NvDLISR;C:\\\\Program Files\\\\Wolfram Research\\\\WolframScript\\\\;C:\\\\Program Files\\\\Git\\\\cmd;C:\\\\Program Files\\\\dotnet\\\\;C:\\\\Program Files\\\\AutoFirma\\\\AutoFirma;C:\\\\xampp\\\\php;C:\\\\Users\\\\raftars77\\\\AppData\\\\Local\\\\Programs\\\\Python\\\\Python311\\\\Scripts\\\\;C:\\\\Users\\\\raftars77\\\\AppData\\\\Local\\\\Programs\\\\Python\\\\Python311\\\\;C:\\\\Users\\\\raftars77\\\\AppData\\\\Local\\\\Microsoft\\\\WindowsApps;C:\\\\Users\\\\raftars77\\\\AppData\\\\Local\\\\Programs\\\\Microsoft VS Code\\\\bin\'\n    \'SystemRoot\' => \'C:\\\\Windows\'\n    \'COMSPEC\' => \'C:\\\\Windows\\\\system32\\\\cmd.exe\'\n    \'PATHEXT\' => \'.COM;.EXE;.BAT;.CMD;.VBS;.VBE;.JS;.JSE;.WSF;.WSH;.MSC\'\n    \'WINDIR\' => \'C:\\\\Windows\'\n    \'SERVER_SIGNATURE\' => \'<address>Apache/2.4.58 (Win64) OpenSSL/3.1.3 PHP/8.2.12 Server at localhost Port 80</address>\n\'\n    \'SERVER_SOFTWARE\' => \'Apache/2.4.58 (Win64) OpenSSL/3.1.3 PHP/8.2.12\'\n    \'SERVER_NAME\' => \'localhost\'\n    \'SERVER_ADDR\' => \'::1\'\n    \'SERVER_PORT\' => \'80\'\n    \'REMOTE_ADDR\' => \'::1\'\n    \'DOCUMENT_ROOT\' => \'C:/xampp/htdocs\'\n    \'REQUEST_SCHEME\' => \'http\'\n    \'CONTEXT_PREFIX\' => \'/torneos\'\n    \'CONTEXT_DOCUMENT_ROOT\' => \'C:\\\\Users\\\\raftars77\\\\Desktop\\\\Universidad\\\\Desarrollo de aplicaciones web II/daw2-2023_03_organizacion_torneos\'\n    \'SERVER_ADMIN\' => \'postmaster@localhost\'\n    \'SCRIPT_FILENAME\' => \'C:/Users/raftars77/Desktop/Universidad/Desarrollo de aplicaciones web II/daw2-2023_03_organizacion_torneos/basic/web/index.php\'\n    \'REMOTE_PORT\' => \'60488\'\n    \'GATEWAY_INTERFACE\' => \'CGI/1.1\'\n    \'SERVER_PROTOCOL\' => \'HTTP/1.1\'\n    \'REQUEST_METHOD\' => \'GET\'\n    \'QUERY_STRING\' => \'r=direccion%2Fview&id=4\'\n    \'REQUEST_URI\' => \'/torneos/basic/web/index.php?r=direccion%2Fview&id=4\'\n    \'SCRIPT_NAME\' => \'/torneos/basic/web/index.php\'\n    \'PHP_SELF\' => \'/torneos/basic/web/index.php\'\n    \'REQUEST_TIME_FLOAT\' => 1704835511.8042\n    \'REQUEST_TIME\' => 1704835511\n]'),(22469,'trace','yii\\base\\Application::bootstrap','2024-01-09 21:25:11','[::1][-][-]','Bootstrap with yii\\bootstrap5\\i18n\\TranslationBootstrap::bootstrap()'),(22470,'trace','yii\\base\\Application::bootstrap','2024-01-09 21:25:11','[::1][-][-]','Bootstrap with yii\\log\\Dispatcher'),(22471,'trace','yii\\base\\Module::getModule','2024-01-09 21:25:11','[::1][-][-]','Loading module: debug'),(22472,'trace','yii\\base\\Application::bootstrap','2024-01-09 21:25:11','[::1][-][-]','Bootstrap with yii\\debug\\Module::bootstrap()'),(22473,'trace','yii\\base\\Module::getModule','2024-01-09 21:25:11','[::1][-][-]','Loading module: gii'),(22474,'trace','yii\\base\\Application::bootstrap','2024-01-09 21:25:11','[::1][-][-]','Bootstrap with yii\\gii\\Module::bootstrap()'),(22475,'trace','yii\\web\\UrlManager::parseRequest','2024-01-09 21:25:11','[::1][-][-]','Pretty URL not enabled. Using default URL parsing logic.'),(22476,'trace','yii\\web\\Application::handleRequest','2024-01-09 21:25:11','[::1][-][-]','Route requested: \'direccion/view\''),(22477,'trace','yii\\base\\Controller::runAction','2024-01-09 21:25:11','[::1][-][-]','Route to run: direccion/view'),(22478,'trace','yii\\base\\InlineAction::runWithParams','2024-01-09 21:25:11','[::1][-][-]','Running action: app\\controllers\\DireccionController::actionView()'),(22479,'trace','yii\\base\\View::renderFile','2024-01-09 21:25:11','[::1][-][-]','Rendering view file: C:\\Users\\raftars77\\Desktop\\Universidad\\Desarrollo de aplicaciones web II\\daw2-2023_03_organizacion_torneos\\basic\\views\\direccion\\view.php'),(22480,'trace','yii\\base\\View::renderFile','2024-01-09 21:25:11','[::1][-][-]','Rendering view file: C:\\Users\\raftars77\\Desktop\\Universidad\\Desarrollo de aplicaciones web II\\daw2-2023_03_organizacion_torneos\\basic\\views\\layouts\\main.php'),(22481,'info','application','2024-01-09 21:25:11','[::1][-][-]','$_GET = [\n    \'r\' => \'direccion/view\'\n    \'id\' => \'4\'\n]\n\n$_POST = []\n\n$_FILES = []\n\n$_COOKIE = [\n    \'_identity\' => \'edcd6e27002627862a30d25ea24843c297f13188ba7b9ad3db80f872e5887197a:2:{i:0;s:9:\\\"_identity\\\";i:1;s:28:\\\"[\\\"100\\\",\\\"test100key\\\",2592000]\\\";}\'\n    \'PHPSESSID\' => \'p27m3ek56s4agfdp3ibfcdeuqk\'\n    \'_csrf\' => \'10823acd8f0e343b7e535907e4ca8aa1d32b203d2f40f6850ced295da0c38ee7a:2:{i:0;s:5:\\\"_csrf\\\";i:1;s:32:\\\"6drlzHZ3CVRhQNTp5PCj3eTtMBS41Imr\\\";}\'\n]\n\n$_SESSION = [\n    \'__flash\' => []\n]\n\n$_SERVER = [\n    \'MIBDIRS\' => \'C:/xampp/php/extras/mibs\'\n    \'MYSQL_HOME\' => \'\\\\xampp\\\\mysql\\\\bin\'\n    \'OPENSSL_CONF\' => \'C:/xampp/apache/bin/openssl.cnf\'\n    \'PHP_PEAR_SYSCONF_DIR\' => \'\\\\xampp\\\\php\'\n    \'PHPRC\' => \'\\\\xampp\\\\php\'\n    \'TMP\' => \'\\\\xampp\\\\tmp\'\n    \'HTTP_HOST\' => \'localhost\'\n    \'HTTP_CONNECTION\' => \'keep-alive\'\n    \'HTTP_SEC_CH_UA\' => \'\\\"Not_A Brand\\\";v=\\\"8\\\", \\\"Chromium\\\";v=\\\"120\\\", \\\"Google Chrome\\\";v=\\\"120\\\"\'\n    \'HTTP_SEC_CH_UA_MOBILE\' => \'?0\'\n    \'HTTP_SEC_CH_UA_PLATFORM\' => \'\\\"Windows\\\"\'\n    \'HTTP_UPGRADE_INSECURE_REQUESTS\' => \'1\'\n    \'HTTP_USER_AGENT\' => \'Mozilla/5.0 (Windows NT 10.0; Win64; x64) AppleWebKit/537.36 (KHTML, like Gecko) Chrome/120.0.0.0 Safari/537.36\'\n    \'HTTP_ACCEPT\' => \'text/html,application/xhtml+xml,application/xml;q=0.9,image/avif,image/webp,image/apng,*/*;q=0.8,application/signed-exchange;v=b3;q=0.7\'\n    \'HTTP_SEC_FETCH_SITE\' => \'same-origin\'\n    \'HTTP_SEC_FETCH_MODE\' => \'navigate\'\n    \'HTTP_SEC_FETCH_USER\' => \'?1\'\n    \'HTTP_SEC_FETCH_DEST\' => \'document\'\n    \'HTTP_REFERER\' => \'http://localhost/torneos/basic/web/index.php?r=pista%2Flist\'\n    \'HTTP_ACCEPT_ENCODING\' => \'gzip, deflate, br\'\n    \'HTTP_ACCEPT_LANGUAGE\' => \'es-ES,es;q=0.9\'\n    \'HTTP_COOKIE\' => \'_identity=edcd6e27002627862a30d25ea24843c297f13188ba7b9ad3db80f872e5887197a%3A2%3A%7Bi%3A0%3Bs%3A9%3A%22_identity%22%3Bi%3A1%3Bs%3A28%3A%22%5B%22100%22%2C%22test100key%22%2C2592000%5D%22%3B%7D; PHPSESSID=p27m3ek56s4agfdp3ibfcdeuqk; _csrf=10823acd8f0e343b7e535907e4ca8aa1d32b203d2f40f6850ced295da0c38ee7a%3A2%3A%7Bi%3A0%3Bs%3A5%3A%22_csrf%22%3Bi%3A1%3Bs%3A32%3A%226drlzHZ3CVRhQNTp5PCj3eTtMBS41Imr%22%3B%7D\'\n    \'PATH\' => \'C:\\\\Program Files\\\\Common Files\\\\Oracle\\\\Java\\\\javapath;C:\\\\Windows\\\\system32;C:\\\\Windows;C:\\\\Windows\\\\System32\\\\Wbem;C:\\\\Windows\\\\System32\\\\WindowsPowerShell\\\\v1.0\\\\;C:\\\\Windows\\\\System32\\\\OpenSSH\\\\;C:\\\\Program Files (x86)\\\\NVIDIA Corporation\\\\PhysX\\\\Common;C:\\\\Program Files\\\\NVIDIA Corporation\\\\NVIDIA NvDLISR;C:\\\\Program Files\\\\Wolfram Research\\\\WolframScript\\\\;C:\\\\Program Files\\\\Git\\\\cmd;C:\\\\Program Files\\\\dotnet\\\\;C:\\\\Program Files\\\\AutoFirma\\\\AutoFirma;C:\\\\xampp\\\\php;C:\\\\Users\\\\raftars77\\\\AppData\\\\Local\\\\Programs\\\\Python\\\\Python311\\\\Scripts\\\\;C:\\\\Users\\\\raftars77\\\\AppData\\\\Local\\\\Programs\\\\Python\\\\Python311\\\\;C:\\\\Users\\\\raftars77\\\\AppData\\\\Local\\\\Microsoft\\\\WindowsApps;C:\\\\Users\\\\raftars77\\\\AppData\\\\Local\\\\Programs\\\\Microsoft VS Code\\\\bin\'\n    \'SystemRoot\' => \'C:\\\\Windows\'\n    \'COMSPEC\' => \'C:\\\\Windows\\\\system32\\\\cmd.exe\'\n    \'PATHEXT\' => \'.COM;.EXE;.BAT;.CMD;.VBS;.VBE;.JS;.JSE;.WSF;.WSH;.MSC\'\n    \'WINDIR\' => \'C:\\\\Windows\'\n    \'SERVER_SIGNATURE\' => \'<address>Apache/2.4.58 (Win64) OpenSSL/3.1.3 PHP/8.2.12 Server at localhost Port 80</address>\n\'\n    \'SERVER_SOFTWARE\' => \'Apache/2.4.58 (Win64) OpenSSL/3.1.3 PHP/8.2.12\'\n    \'SERVER_NAME\' => \'localhost\'\n    \'SERVER_ADDR\' => \'::1\'\n    \'SERVER_PORT\' => \'80\'\n    \'REMOTE_ADDR\' => \'::1\'\n    \'DOCUMENT_ROOT\' => \'C:/xampp/htdocs\'\n    \'REQUEST_SCHEME\' => \'http\'\n    \'CONTEXT_PREFIX\' => \'/torneos\'\n    \'CONTEXT_DOCUMENT_ROOT\' => \'C:\\\\Users\\\\raftars77\\\\Desktop\\\\Universidad\\\\Desarrollo de aplicaciones web II/daw2-2023_03_organizacion_torneos\'\n    \'SERVER_ADMIN\' => \'postmaster@localhost\'\n    \'SCRIPT_FILENAME\' => \'C:/Users/raftars77/Desktop/Universidad/Desarrollo de aplicaciones web II/daw2-2023_03_organizacion_torneos/basic/web/index.php\'\n    \'REMOTE_PORT\' => \'60488\'\n    \'GATEWAY_INTERFACE\' => \'CGI/1.1\'\n    \'SERVER_PROTOCOL\' => \'HTTP/1.1\'\n    \'REQUEST_METHOD\' => \'GET\'\n    \'QUERY_STRING\' => \'r=direccion%2Fview&id=4\'\n    \'REQUEST_URI\' => \'/torneos/basic/web/index.php?r=direccion%2Fview&id=4\'\n    \'SCRIPT_NAME\' => \'/torneos/basic/web/index.php\'\n    \'PHP_SELF\' => \'/torneos/basic/web/index.php\'\n    \'REQUEST_TIME_FLOAT\' => 1704835511.8042\n    \'REQUEST_TIME\' => 1704835511\n]'),(22482,'info','yii\\web\\Session::open','2024-01-09 21:25:13','[::1][-][p27m3ek56s4agfdp3ibfcdeuqk]','Session started'),(22483,'info','yii\\db\\Command::query','2024-01-09 21:25:13','[::1][-][p27m3ek56s4agfdp3ibfcdeuqk]','SHOW FULL COLUMNS FROM `direccion`'),(22484,'info','yii\\db\\Connection::open','2024-01-09 21:25:13','[::1][-][p27m3ek56s4agfdp3ibfcdeuqk]','Opening DB connection: mysql:host=localhost;dbname=daw2_2023_03_organizacion_torneos'),(22485,'info','yii\\db\\Command::query','2024-01-09 21:25:13','[::1][-][p27m3ek56s4agfdp3ibfcdeuqk]','SELECT\r\n    `kcu`.`CONSTRAINT_NAME` AS `constraint_name`,\r\n    `kcu`.`COLUMN_NAME` AS `column_name`,\r\n    `kcu`.`REFERENCED_TABLE_NAME` AS `referenced_table_name`,\r\n    `kcu`.`REFERENCED_COLUMN_NAME` AS `referenced_column_name`\r\nFROM `information_schema`.`REFERENTIAL_CONSTRAINTS` AS `rc`\r\nJOIN `information_schema`.`KEY_COLUMN_USAGE` AS `kcu` ON\r\n    (\r\n        `kcu`.`CONSTRAINT_CATALOG` = `rc`.`CONSTRAINT_CATALOG` OR\r\n        (`kcu`.`CONSTRAINT_CATALOG` IS NULL AND `rc`.`CONSTRAINT_CATALOG` IS NULL)\r\n    ) AND\r\n    `kcu`.`CONSTRAINT_SCHEMA` = `rc`.`CONSTRAINT_SCHEMA` AND\r\n    `kcu`.`CONSTRAINT_NAME` = `rc`.`CONSTRAINT_NAME`\r\nWHERE `rc`.`CONSTRAINT_SCHEMA` = database() AND `kcu`.`TABLE_SCHEMA` = database()\r\nAND `rc`.`TABLE_NAME` = \'direccion\' AND `kcu`.`TABLE_NAME` = \'direccion\''),(22486,'info','yii\\db\\Command::query','2024-01-09 21:25:13','[::1][-][p27m3ek56s4agfdp3ibfcdeuqk]','SELECT * FROM `direccion` WHERE `id`=\'4\''),(22487,'info','yii\\db\\Command::execute','2024-01-09 21:25:13','[::1][-][p27m3ek56s4agfdp3ibfcdeuqk]','DELETE FROM `direccion` WHERE `id`=4'),(22488,'info','application','2024-01-09 21:25:13','[::1][-][p27m3ek56s4agfdp3ibfcdeuqk]','$_GET = [\n    \'r\' => \'direccion/delete\'\n    \'id\' => \'4\'\n]\n\n$_POST = [\n    \'_csrf\' => \'9_IrxKZJo6Oc6t1JQUqOF2QTJouDEDdTEoNB68pYESfBllmo3AH5kN-8jyEQBNpnUUNl4bB1YydfwRLf-xF8VQ==\'\n]\n\n$_FILES = []\n\n$_COOKIE = [\n    \'_identity\' => \'edcd6e27002627862a30d25ea24843c297f13188ba7b9ad3db80f872e5887197a:2:{i:0;s:9:\\\"_identity\\\";i:1;s:28:\\\"[\\\"100\\\",\\\"test100key\\\",2592000]\\\";}\'\n    \'PHPSESSID\' => \'p27m3ek56s4agfdp3ibfcdeuqk\'\n    \'_csrf\' => \'10823acd8f0e343b7e535907e4ca8aa1d32b203d2f40f6850ced295da0c38ee7a:2:{i:0;s:5:\\\"_csrf\\\";i:1;s:32:\\\"6drlzHZ3CVRhQNTp5PCj3eTtMBS41Imr\\\";}\'\n]\n\n$_SESSION = [\n    \'__flash\' => []\n]\n\n$_SERVER = [\n    \'MIBDIRS\' => \'C:/xampp/php/extras/mibs\'\n    \'MYSQL_HOME\' => \'\\\\xampp\\\\mysql\\\\bin\'\n    \'OPENSSL_CONF\' => \'C:/xampp/apache/bin/openssl.cnf\'\n    \'PHP_PEAR_SYSCONF_DIR\' => \'\\\\xampp\\\\php\'\n    \'PHPRC\' => \'\\\\xampp\\\\php\'\n    \'TMP\' => \'\\\\xampp\\\\tmp\'\n    \'HTTP_HOST\' => \'localhost\'\n    \'HTTP_CONNECTION\' => \'keep-alive\'\n    \'CONTENT_LENGTH\' => \'98\'\n    \'HTTP_CACHE_CONTROL\' => \'max-age=0\'\n    \'HTTP_SEC_CH_UA\' => \'\\\"Not_A Brand\\\";v=\\\"8\\\", \\\"Chromium\\\";v=\\\"120\\\", \\\"Google Chrome\\\";v=\\\"120\\\"\'\n    \'HTTP_SEC_CH_UA_MOBILE\' => \'?0\'\n    \'HTTP_SEC_CH_UA_PLATFORM\' => \'\\\"Windows\\\"\'\n    \'HTTP_UPGRADE_INSECURE_REQUESTS\' => \'1\'\n    \'HTTP_ORIGIN\' => \'http://localhost\'\n    \'CONTENT_TYPE\' => \'application/x-www-form-urlencoded\'\n    \'HTTP_USER_AGENT\' => \'Mozilla/5.0 (Windows NT 10.0; Win64; x64) AppleWebKit/537.36 (KHTML, like Gecko) Chrome/120.0.0.0 Safari/537.36\'\n    \'HTTP_ACCEPT\' => \'text/html,application/xhtml+xml,application/xml;q=0.9,image/avif,image/webp,image/apng,*/*;q=0.8,application/signed-exchange;v=b3;q=0.7\'\n    \'HTTP_SEC_FETCH_SITE\' => \'same-origin\'\n    \'HTTP_SEC_FETCH_MODE\' => \'navigate\'\n    \'HTTP_SEC_FETCH_USER\' => \'?1\'\n    \'HTTP_SEC_FETCH_DEST\' => \'document\'\n    \'HTTP_REFERER\' => \'http://localhost/torneos/basic/web/index.php?r=direccion%2Fview&id=4\'\n    \'HTTP_ACCEPT_ENCODING\' => \'gzip, deflate, br\'\n    \'HTTP_ACCEPT_LANGUAGE\' => \'es-ES,es;q=0.9\'\n    \'HTTP_COOKIE\' => \'_identity=edcd6e27002627862a30d25ea24843c297f13188ba7b9ad3db80f872e5887197a%3A2%3A%7Bi%3A0%3Bs%3A9%3A%22_identity%22%3Bi%3A1%3Bs%3A28%3A%22%5B%22100%22%2C%22test100key%22%2C2592000%5D%22%3B%7D; PHPSESSID=p27m3ek56s4agfdp3ibfcdeuqk; _csrf=10823acd8f0e343b7e535907e4ca8aa1d32b203d2f40f6850ced295da0c38ee7a%3A2%3A%7Bi%3A0%3Bs%3A5%3A%22_csrf%22%3Bi%3A1%3Bs%3A32%3A%226drlzHZ3CVRhQNTp5PCj3eTtMBS41Imr%22%3B%7D\'\n    \'PATH\' => \'C:\\\\Program Files\\\\Common Files\\\\Oracle\\\\Java\\\\javapath;C:\\\\Windows\\\\system32;C:\\\\Windows;C:\\\\Windows\\\\System32\\\\Wbem;C:\\\\Windows\\\\System32\\\\WindowsPowerShell\\\\v1.0\\\\;C:\\\\Windows\\\\System32\\\\OpenSSH\\\\;C:\\\\Program Files (x86)\\\\NVIDIA Corporation\\\\PhysX\\\\Common;C:\\\\Program Files\\\\NVIDIA Corporation\\\\NVIDIA NvDLISR;C:\\\\Program Files\\\\Wolfram Research\\\\WolframScript\\\\;C:\\\\Program Files\\\\Git\\\\cmd;C:\\\\Program Files\\\\dotnet\\\\;C:\\\\Program Files\\\\AutoFirma\\\\AutoFirma;C:\\\\xampp\\\\php;C:\\\\Users\\\\raftars77\\\\AppData\\\\Local\\\\Programs\\\\Python\\\\Python311\\\\Scripts\\\\;C:\\\\Users\\\\raftars77\\\\AppData\\\\Local\\\\Programs\\\\Python\\\\Python311\\\\;C:\\\\Users\\\\raftars77\\\\AppData\\\\Local\\\\Microsoft\\\\WindowsApps;C:\\\\Users\\\\raftars77\\\\AppData\\\\Local\\\\Programs\\\\Microsoft VS Code\\\\bin\'\n    \'SystemRoot\' => \'C:\\\\Windows\'\n    \'COMSPEC\' => \'C:\\\\Windows\\\\system32\\\\cmd.exe\'\n    \'PATHEXT\' => \'.COM;.EXE;.BAT;.CMD;.VBS;.VBE;.JS;.JSE;.WSF;.WSH;.MSC\'\n    \'WINDIR\' => \'C:\\\\Windows\'\n    \'SERVER_SIGNATURE\' => \'<address>Apache/2.4.58 (Win64) OpenSSL/3.1.3 PHP/8.2.12 Server at localhost Port 80</address>\n\'\n    \'SERVER_SOFTWARE\' => \'Apache/2.4.58 (Win64) OpenSSL/3.1.3 PHP/8.2.12\'\n    \'SERVER_NAME\' => \'localhost\'\n    \'SERVER_ADDR\' => \'::1\'\n    \'SERVER_PORT\' => \'80\'\n    \'REMOTE_ADDR\' => \'::1\'\n    \'DOCUMENT_ROOT\' => \'C:/xampp/htdocs\'\n    \'REQUEST_SCHEME\' => \'http\'\n    \'CONTEXT_PREFIX\' => \'/torneos\'\n    \'CONTEXT_DOCUMENT_ROOT\' => \'C:\\\\Users\\\\raftars77\\\\Desktop\\\\Universidad\\\\Desarrollo de aplicaciones web II/daw2-2023_03_organizacion_torneos\'\n    \'SERVER_ADMIN\' => \'postmaster@localhost\'\n    \'SCRIPT_FILENAME\' => \'C:/Users/raftars77/Desktop/Universidad/Desarrollo de aplicaciones web II/daw2-2023_03_organizacion_torneos/basic/web/index.php\'\n    \'REMOTE_PORT\' => \'60489\'\n    \'GATEWAY_INTERFACE\' => \'CGI/1.1\'\n    \'SERVER_PROTOCOL\' => \'HTTP/1.1\'\n    \'REQUEST_METHOD\' => \'POST\'\n    \'QUERY_STRING\' => \'r=direccion%2Fdelete&id=4\'\n    \'REQUEST_URI\' => \'/torneos/basic/web/index.php?r=direccion%2Fdelete&id=4\'\n    \'SCRIPT_NAME\' => \'/torneos/basic/web/index.php\'\n    \'PHP_SELF\' => \'/torneos/basic/web/index.php\'\n    \'REQUEST_TIME_FLOAT\' => 1704835513.1123\n    \'REQUEST_TIME\' => 1704835513\n]'),(22489,'error','yii\\web\\HttpException:500','2024-01-09 21:25:13','[::1][-][p27m3ek56s4agfdp3ibfcdeuqk]','yii\\web\\HttpException: No se puede eliminar este registro ya que está siendo utilizado por otra tabla. in C:\\Users\\raftars77\\Desktop\\Universidad\\Desarrollo de aplicaciones web II\\daw2-2023_03_organizacion_torneos\\basic\\controllers\\DireccionController.php:118\nStack trace:\n#0 [internal function]: app\\controllers\\DireccionController->actionDelete(\'4\')\n#1 C:\\Users\\raftars77\\Desktop\\Universidad\\Desarrollo de aplicaciones web II\\daw2-2023_03_organizacion_torneos\\basic\\vendor\\yiisoft\\yii2\\base\\InlineAction.php(57): call_user_func_array(Array, Array)\n#2 C:\\Users\\raftars77\\Desktop\\Universidad\\Desarrollo de aplicaciones web II\\daw2-2023_03_organizacion_torneos\\basic\\vendor\\yiisoft\\yii2\\base\\Controller.php(178): yii\\base\\InlineAction->runWithParams(Array)\n#3 C:\\Users\\raftars77\\Desktop\\Universidad\\Desarrollo de aplicaciones web II\\daw2-2023_03_organizacion_torneos\\basic\\vendor\\yiisoft\\yii2\\base\\Module.php(552): yii\\base\\Controller->runAction(\'delete\', Array)\n#4 C:\\Users\\raftars77\\Desktop\\Universidad\\Desarrollo de aplicaciones web II\\daw2-2023_03_organizacion_torneos\\basic\\vendor\\yiisoft\\yii2\\web\\Application.php(103): yii\\base\\Module->runAction(\'direccion/delet...\', Array)\n#5 C:\\Users\\raftars77\\Desktop\\Universidad\\Desarrollo de aplicaciones web II\\daw2-2023_03_organizacion_torneos\\basic\\vendor\\yiisoft\\yii2\\base\\Application.php(384): yii\\web\\Application->handleRequest(Object(yii\\web\\Request))\n#6 C:\\Users\\raftars77\\Desktop\\Universidad\\Desarrollo de aplicaciones web II\\daw2-2023_03_organizacion_torneos\\basic\\web\\index.php(12): yii\\base\\Application->run()\n#7 {main}'),(22490,'info','application','2024-01-09 21:25:13','[::1][-][p27m3ek56s4agfdp3ibfcdeuqk]','$_GET = [\n    \'r\' => \'direccion/delete\'\n    \'id\' => \'4\'\n]\n\n$_POST = [\n    \'_csrf\' => \'9_IrxKZJo6Oc6t1JQUqOF2QTJouDEDdTEoNB68pYESfBllmo3AH5kN-8jyEQBNpnUUNl4bB1YydfwRLf-xF8VQ==\'\n]\n\n$_FILES = []\n\n$_COOKIE = [\n    \'_identity\' => \'edcd6e27002627862a30d25ea24843c297f13188ba7b9ad3db80f872e5887197a:2:{i:0;s:9:\\\"_identity\\\";i:1;s:28:\\\"[\\\"100\\\",\\\"test100key\\\",2592000]\\\";}\'\n    \'PHPSESSID\' => \'p27m3ek56s4agfdp3ibfcdeuqk\'\n    \'_csrf\' => \'10823acd8f0e343b7e535907e4ca8aa1d32b203d2f40f6850ced295da0c38ee7a:2:{i:0;s:5:\\\"_csrf\\\";i:1;s:32:\\\"6drlzHZ3CVRhQNTp5PCj3eTtMBS41Imr\\\";}\'\n]\n\n$_SESSION = [\n    \'__flash\' => []\n]\n\n$_SERVER = [\n    \'MIBDIRS\' => \'C:/xampp/php/extras/mibs\'\n    \'MYSQL_HOME\' => \'\\\\xampp\\\\mysql\\\\bin\'\n    \'OPENSSL_CONF\' => \'C:/xampp/apache/bin/openssl.cnf\'\n    \'PHP_PEAR_SYSCONF_DIR\' => \'\\\\xampp\\\\php\'\n    \'PHPRC\' => \'\\\\xampp\\\\php\'\n    \'TMP\' => \'\\\\xampp\\\\tmp\'\n    \'HTTP_HOST\' => \'localhost\'\n    \'HTTP_CONNECTION\' => \'keep-alive\'\n    \'CONTENT_LENGTH\' => \'98\'\n    \'HTTP_CACHE_CONTROL\' => \'max-age=0\'\n    \'HTTP_SEC_CH_UA\' => \'\\\"Not_A Brand\\\";v=\\\"8\\\", \\\"Chromium\\\";v=\\\"120\\\", \\\"Google Chrome\\\";v=\\\"120\\\"\'\n    \'HTTP_SEC_CH_UA_MOBILE\' => \'?0\'\n    \'HTTP_SEC_CH_UA_PLATFORM\' => \'\\\"Windows\\\"\'\n    \'HTTP_UPGRADE_INSECURE_REQUESTS\' => \'1\'\n    \'HTTP_ORIGIN\' => \'http://localhost\'\n    \'CONTENT_TYPE\' => \'application/x-www-form-urlencoded\'\n    \'HTTP_USER_AGENT\' => \'Mozilla/5.0 (Windows NT 10.0; Win64; x64) AppleWebKit/537.36 (KHTML, like Gecko) Chrome/120.0.0.0 Safari/537.36\'\n    \'HTTP_ACCEPT\' => \'text/html,application/xhtml+xml,application/xml;q=0.9,image/avif,image/webp,image/apng,*/*;q=0.8,application/signed-exchange;v=b3;q=0.7\'\n    \'HTTP_SEC_FETCH_SITE\' => \'same-origin\'\n    \'HTTP_SEC_FETCH_MODE\' => \'navigate\'\n    \'HTTP_SEC_FETCH_USER\' => \'?1\'\n    \'HTTP_SEC_FETCH_DEST\' => \'document\'\n    \'HTTP_REFERER\' => \'http://localhost/torneos/basic/web/index.php?r=direccion%2Fview&id=4\'\n    \'HTTP_ACCEPT_ENCODING\' => \'gzip, deflate, br\'\n    \'HTTP_ACCEPT_LANGUAGE\' => \'es-ES,es;q=0.9\'\n    \'HTTP_COOKIE\' => \'_identity=edcd6e27002627862a30d25ea24843c297f13188ba7b9ad3db80f872e5887197a%3A2%3A%7Bi%3A0%3Bs%3A9%3A%22_identity%22%3Bi%3A1%3Bs%3A28%3A%22%5B%22100%22%2C%22test100key%22%2C2592000%5D%22%3B%7D; PHPSESSID=p27m3ek56s4agfdp3ibfcdeuqk; _csrf=10823acd8f0e343b7e535907e4ca8aa1d32b203d2f40f6850ced295da0c38ee7a%3A2%3A%7Bi%3A0%3Bs%3A5%3A%22_csrf%22%3Bi%3A1%3Bs%3A32%3A%226drlzHZ3CVRhQNTp5PCj3eTtMBS41Imr%22%3B%7D\'\n    \'PATH\' => \'C:\\\\Program Files\\\\Common Files\\\\Oracle\\\\Java\\\\javapath;C:\\\\Windows\\\\system32;C:\\\\Windows;C:\\\\Windows\\\\System32\\\\Wbem;C:\\\\Windows\\\\System32\\\\WindowsPowerShell\\\\v1.0\\\\;C:\\\\Windows\\\\System32\\\\OpenSSH\\\\;C:\\\\Program Files (x86)\\\\NVIDIA Corporation\\\\PhysX\\\\Common;C:\\\\Program Files\\\\NVIDIA Corporation\\\\NVIDIA NvDLISR;C:\\\\Program Files\\\\Wolfram Research\\\\WolframScript\\\\;C:\\\\Program Files\\\\Git\\\\cmd;C:\\\\Program Files\\\\dotnet\\\\;C:\\\\Program Files\\\\AutoFirma\\\\AutoFirma;C:\\\\xampp\\\\php;C:\\\\Users\\\\raftars77\\\\AppData\\\\Local\\\\Programs\\\\Python\\\\Python311\\\\Scripts\\\\;C:\\\\Users\\\\raftars77\\\\AppData\\\\Local\\\\Programs\\\\Python\\\\Python311\\\\;C:\\\\Users\\\\raftars77\\\\AppData\\\\Local\\\\Microsoft\\\\WindowsApps;C:\\\\Users\\\\raftars77\\\\AppData\\\\Local\\\\Programs\\\\Microsoft VS Code\\\\bin\'\n    \'SystemRoot\' => \'C:\\\\Windows\'\n    \'COMSPEC\' => \'C:\\\\Windows\\\\system32\\\\cmd.exe\'\n    \'PATHEXT\' => \'.COM;.EXE;.BAT;.CMD;.VBS;.VBE;.JS;.JSE;.WSF;.WSH;.MSC\'\n    \'WINDIR\' => \'C:\\\\Windows\'\n    \'SERVER_SIGNATURE\' => \'<address>Apache/2.4.58 (Win64) OpenSSL/3.1.3 PHP/8.2.12 Server at localhost Port 80</address>\n\'\n    \'SERVER_SOFTWARE\' => \'Apache/2.4.58 (Win64) OpenSSL/3.1.3 PHP/8.2.12\'\n    \'SERVER_NAME\' => \'localhost\'\n    \'SERVER_ADDR\' => \'::1\'\n    \'SERVER_PORT\' => \'80\'\n    \'REMOTE_ADDR\' => \'::1\'\n    \'DOCUMENT_ROOT\' => \'C:/xampp/htdocs\'\n    \'REQUEST_SCHEME\' => \'http\'\n    \'CONTEXT_PREFIX\' => \'/torneos\'\n    \'CONTEXT_DOCUMENT_ROOT\' => \'C:\\\\Users\\\\raftars77\\\\Desktop\\\\Universidad\\\\Desarrollo de aplicaciones web II/daw2-2023_03_organizacion_torneos\'\n    \'SERVER_ADMIN\' => \'postmaster@localhost\'\n    \'SCRIPT_FILENAME\' => \'C:/Users/raftars77/Desktop/Universidad/Desarrollo de aplicaciones web II/daw2-2023_03_organizacion_torneos/basic/web/index.php\'\n    \'REMOTE_PORT\' => \'60489\'\n    \'GATEWAY_INTERFACE\' => \'CGI/1.1\'\n    \'SERVER_PROTOCOL\' => \'HTTP/1.1\'\n    \'REQUEST_METHOD\' => \'POST\'\n    \'QUERY_STRING\' => \'r=direccion%2Fdelete&id=4\'\n    \'REQUEST_URI\' => \'/torneos/basic/web/index.php?r=direccion%2Fdelete&id=4\'\n    \'SCRIPT_NAME\' => \'/torneos/basic/web/index.php\'\n    \'PHP_SELF\' => \'/torneos/basic/web/index.php\'\n    \'REQUEST_TIME_FLOAT\' => 1704835513.1123\n    \'REQUEST_TIME\' => 1704835513\n]'),(22491,'trace','yii\\base\\Application::bootstrap','2024-01-09 21:25:13','[::1][-][p27m3ek56s4agfdp3ibfcdeuqk]','Bootstrap with yii\\bootstrap5\\i18n\\TranslationBootstrap::bootstrap()'),(22492,'trace','yii\\base\\Application::bootstrap','2024-01-09 21:25:13','[::1][-][p27m3ek56s4agfdp3ibfcdeuqk]','Bootstrap with yii\\log\\Dispatcher'),(22493,'trace','yii\\base\\Module::getModule','2024-01-09 21:25:13','[::1][-][p27m3ek56s4agfdp3ibfcdeuqk]','Loading module: debug'),(22494,'trace','yii\\base\\Application::bootstrap','2024-01-09 21:25:13','[::1][-][p27m3ek56s4agfdp3ibfcdeuqk]','Bootstrap with yii\\debug\\Module::bootstrap()'),(22495,'trace','yii\\base\\Module::getModule','2024-01-09 21:25:13','[::1][-][p27m3ek56s4agfdp3ibfcdeuqk]','Loading module: gii'),(22496,'trace','yii\\base\\Application::bootstrap','2024-01-09 21:25:13','[::1][-][p27m3ek56s4agfdp3ibfcdeuqk]','Bootstrap with yii\\gii\\Module::bootstrap()'),(22497,'trace','yii\\web\\UrlManager::parseRequest','2024-01-09 21:25:13','[::1][-][p27m3ek56s4agfdp3ibfcdeuqk]','Pretty URL not enabled. Using default URL parsing logic.'),(22498,'trace','yii\\web\\Application::handleRequest','2024-01-09 21:25:13','[::1][-][p27m3ek56s4agfdp3ibfcdeuqk]','Route requested: \'direccion/delete\''),(22499,'trace','yii\\base\\Controller::runAction','2024-01-09 21:25:13','[::1][-][p27m3ek56s4agfdp3ibfcdeuqk]','Route to run: direccion/delete'),(22500,'trace','yii\\base\\InlineAction::runWithParams','2024-01-09 21:25:13','[::1][-][p27m3ek56s4agfdp3ibfcdeuqk]','Running action: app\\controllers\\DireccionController::actionDelete()'),(22501,'trace','yii\\base\\Controller::runAction','2024-01-09 21:25:13','[::1][-][p27m3ek56s4agfdp3ibfcdeuqk]','Route to run: site/error'),(22502,'trace','yii\\base\\Action::runWithParams','2024-01-09 21:25:13','[::1][-][p27m3ek56s4agfdp3ibfcdeuqk]','Running action: yii\\web\\ErrorAction::run(), invoked by app\\controllers\\SiteController'),(22503,'trace','yii\\base\\View::renderFile','2024-01-09 21:25:13','[::1][-][p27m3ek56s4agfdp3ibfcdeuqk]','Rendering view file: C:\\Users\\raftars77\\Desktop\\Universidad\\Desarrollo de aplicaciones web II\\daw2-2023_03_organizacion_torneos\\basic\\views\\site\\error.php'),(22504,'trace','yii\\base\\View::renderFile','2024-01-09 21:25:13','[::1][-][p27m3ek56s4agfdp3ibfcdeuqk]','Rendering view file: C:\\Users\\raftars77\\Desktop\\Universidad\\Desarrollo de aplicaciones web II\\daw2-2023_03_organizacion_torneos\\basic\\views\\layouts\\main.php'),(22505,'info','application','2024-01-09 21:25:13','[::1][-][p27m3ek56s4agfdp3ibfcdeuqk]','$_GET = [\n    \'r\' => \'direccion/delete\'\n    \'id\' => \'4\'\n]\n\n$_POST = [\n    \'_csrf\' => \'9_IrxKZJo6Oc6t1JQUqOF2QTJouDEDdTEoNB68pYESfBllmo3AH5kN-8jyEQBNpnUUNl4bB1YydfwRLf-xF8VQ==\'\n]\n\n$_FILES = []\n\n$_COOKIE = [\n    \'_identity\' => \'edcd6e27002627862a30d25ea24843c297f13188ba7b9ad3db80f872e5887197a:2:{i:0;s:9:\\\"_identity\\\";i:1;s:28:\\\"[\\\"100\\\",\\\"test100key\\\",2592000]\\\";}\'\n    \'PHPSESSID\' => \'p27m3ek56s4agfdp3ibfcdeuqk\'\n    \'_csrf\' => \'10823acd8f0e343b7e535907e4ca8aa1d32b203d2f40f6850ced295da0c38ee7a:2:{i:0;s:5:\\\"_csrf\\\";i:1;s:32:\\\"6drlzHZ3CVRhQNTp5PCj3eTtMBS41Imr\\\";}\'\n]\n\n$_SESSION = [\n    \'__flash\' => []\n]\n\n$_SERVER = [\n    \'MIBDIRS\' => \'C:/xampp/php/extras/mibs\'\n    \'MYSQL_HOME\' => \'\\\\xampp\\\\mysql\\\\bin\'\n    \'OPENSSL_CONF\' => \'C:/xampp/apache/bin/openssl.cnf\'\n    \'PHP_PEAR_SYSCONF_DIR\' => \'\\\\xampp\\\\php\'\n    \'PHPRC\' => \'\\\\xampp\\\\php\'\n    \'TMP\' => \'\\\\xampp\\\\tmp\'\n    \'HTTP_HOST\' => \'localhost\'\n    \'HTTP_CONNECTION\' => \'keep-alive\'\n    \'CONTENT_LENGTH\' => \'98\'\n    \'HTTP_CACHE_CONTROL\' => \'max-age=0\'\n    \'HTTP_SEC_CH_UA\' => \'\\\"Not_A Brand\\\";v=\\\"8\\\", \\\"Chromium\\\";v=\\\"120\\\", \\\"Google Chrome\\\";v=\\\"120\\\"\'\n    \'HTTP_SEC_CH_UA_MOBILE\' => \'?0\'\n    \'HTTP_SEC_CH_UA_PLATFORM\' => \'\\\"Windows\\\"\'\n    \'HTTP_UPGRADE_INSECURE_REQUESTS\' => \'1\'\n    \'HTTP_ORIGIN\' => \'http://localhost\'\n    \'CONTENT_TYPE\' => \'application/x-www-form-urlencoded\'\n    \'HTTP_USER_AGENT\' => \'Mozilla/5.0 (Windows NT 10.0; Win64; x64) AppleWebKit/537.36 (KHTML, like Gecko) Chrome/120.0.0.0 Safari/537.36\'\n    \'HTTP_ACCEPT\' => \'text/html,application/xhtml+xml,application/xml;q=0.9,image/avif,image/webp,image/apng,*/*;q=0.8,application/signed-exchange;v=b3;q=0.7\'\n    \'HTTP_SEC_FETCH_SITE\' => \'same-origin\'\n    \'HTTP_SEC_FETCH_MODE\' => \'navigate\'\n    \'HTTP_SEC_FETCH_USER\' => \'?1\'\n    \'HTTP_SEC_FETCH_DEST\' => \'document\'\n    \'HTTP_REFERER\' => \'http://localhost/torneos/basic/web/index.php?r=direccion%2Fview&id=4\'\n    \'HTTP_ACCEPT_ENCODING\' => \'gzip, deflate, br\'\n    \'HTTP_ACCEPT_LANGUAGE\' => \'es-ES,es;q=0.9\'\n    \'HTTP_COOKIE\' => \'_identity=edcd6e27002627862a30d25ea24843c297f13188ba7b9ad3db80f872e5887197a%3A2%3A%7Bi%3A0%3Bs%3A9%3A%22_identity%22%3Bi%3A1%3Bs%3A28%3A%22%5B%22100%22%2C%22test100key%22%2C2592000%5D%22%3B%7D; PHPSESSID=p27m3ek56s4agfdp3ibfcdeuqk; _csrf=10823acd8f0e343b7e535907e4ca8aa1d32b203d2f40f6850ced295da0c38ee7a%3A2%3A%7Bi%3A0%3Bs%3A5%3A%22_csrf%22%3Bi%3A1%3Bs%3A32%3A%226drlzHZ3CVRhQNTp5PCj3eTtMBS41Imr%22%3B%7D\'\n    \'PATH\' => \'C:\\\\Program Files\\\\Common Files\\\\Oracle\\\\Java\\\\javapath;C:\\\\Windows\\\\system32;C:\\\\Windows;C:\\\\Windows\\\\System32\\\\Wbem;C:\\\\Windows\\\\System32\\\\WindowsPowerShell\\\\v1.0\\\\;C:\\\\Windows\\\\System32\\\\OpenSSH\\\\;C:\\\\Program Files (x86)\\\\NVIDIA Corporation\\\\PhysX\\\\Common;C:\\\\Program Files\\\\NVIDIA Corporation\\\\NVIDIA NvDLISR;C:\\\\Program Files\\\\Wolfram Research\\\\WolframScript\\\\;C:\\\\Program Files\\\\Git\\\\cmd;C:\\\\Program Files\\\\dotnet\\\\;C:\\\\Program Files\\\\AutoFirma\\\\AutoFirma;C:\\\\xampp\\\\php;C:\\\\Users\\\\raftars77\\\\AppData\\\\Local\\\\Programs\\\\Python\\\\Python311\\\\Scripts\\\\;C:\\\\Users\\\\raftars77\\\\AppData\\\\Local\\\\Programs\\\\Python\\\\Python311\\\\;C:\\\\Users\\\\raftars77\\\\AppData\\\\Local\\\\Microsoft\\\\WindowsApps;C:\\\\Users\\\\raftars77\\\\AppData\\\\Local\\\\Programs\\\\Microsoft VS Code\\\\bin\'\n    \'SystemRoot\' => \'C:\\\\Windows\'\n    \'COMSPEC\' => \'C:\\\\Windows\\\\system32\\\\cmd.exe\'\n    \'PATHEXT\' => \'.COM;.EXE;.BAT;.CMD;.VBS;.VBE;.JS;.JSE;.WSF;.WSH;.MSC\'\n    \'WINDIR\' => \'C:\\\\Windows\'\n    \'SERVER_SIGNATURE\' => \'<address>Apache/2.4.58 (Win64) OpenSSL/3.1.3 PHP/8.2.12 Server at localhost Port 80</address>\n\'\n    \'SERVER_SOFTWARE\' => \'Apache/2.4.58 (Win64) OpenSSL/3.1.3 PHP/8.2.12\'\n    \'SERVER_NAME\' => \'localhost\'\n    \'SERVER_ADDR\' => \'::1\'\n    \'SERVER_PORT\' => \'80\'\n    \'REMOTE_ADDR\' => \'::1\'\n    \'DOCUMENT_ROOT\' => \'C:/xampp/htdocs\'\n    \'REQUEST_SCHEME\' => \'http\'\n    \'CONTEXT_PREFIX\' => \'/torneos\'\n    \'CONTEXT_DOCUMENT_ROOT\' => \'C:\\\\Users\\\\raftars77\\\\Desktop\\\\Universidad\\\\Desarrollo de aplicaciones web II/daw2-2023_03_organizacion_torneos\'\n    \'SERVER_ADMIN\' => \'postmaster@localhost\'\n    \'SCRIPT_FILENAME\' => \'C:/Users/raftars77/Desktop/Universidad/Desarrollo de aplicaciones web II/daw2-2023_03_organizacion_torneos/basic/web/index.php\'\n    \'REMOTE_PORT\' => \'60489\'\n    \'GATEWAY_INTERFACE\' => \'CGI/1.1\'\n    \'SERVER_PROTOCOL\' => \'HTTP/1.1\'\n    \'REQUEST_METHOD\' => \'POST\'\n    \'QUERY_STRING\' => \'r=direccion%2Fdelete&id=4\'\n    \'REQUEST_URI\' => \'/torneos/basic/web/index.php?r=direccion%2Fdelete&id=4\'\n    \'SCRIPT_NAME\' => \'/torneos/basic/web/index.php\'\n    \'PHP_SELF\' => \'/torneos/basic/web/index.php\'\n    \'REQUEST_TIME_FLOAT\' => 1704835513.1123\n    \'REQUEST_TIME\' => 1704835513\n]'),(22506,'info','yii\\db\\Command::execute','2024-01-09 21:25:13','[::1][-][-]','INSERT INTO `log` (`level`, `category`, `log_time`, `prefix`, `message`)\r\n                VALUES (\'info\', \'yii\\\\web\\\\Session::open\', \'2024-01-09 22:25:13\', \'[::1][-][p27m3ek56s4agfdp3ibfcdeuqk]\', \'Session started\')'),(22507,'info','yii\\db\\Command::execute','2024-01-09 21:25:13','[::1][-][-]','INSERT INTO `log` (`level`, `category`, `log_time`, `prefix`, `message`)\r\n                VALUES (\'info\', \'yii\\\\db\\\\Command::query\', \'2024-01-09 22:25:13\', \'[::1][-][p27m3ek56s4agfdp3ibfcdeuqk]\', \'SHOW FULL COLUMNS FROM `direccion`\')'),(22508,'info','yii\\db\\Command::execute','2024-01-09 21:25:13','[::1][-][-]','INSERT INTO `log` (`level`, `category`, `log_time`, `prefix`, `message`)\r\n                VALUES (\'info\', \'yii\\\\db\\\\Connection::open\', \'2024-01-09 22:25:13\', \'[::1][-][p27m3ek56s4agfdp3ibfcdeuqk]\', \'Opening DB connection: mysql:host=localhost;dbname=daw2_2023_03_organizacion_torneos\')'),(22509,'info','yii\\db\\Command::execute','2024-01-09 21:25:13','[::1][-][-]','INSERT INTO `log` (`level`, `category`, `log_time`, `prefix`, `message`)\r\n                VALUES (\'info\', \'yii\\\\db\\\\Command::query\', \'2024-01-09 22:25:13\', \'[::1][-][p27m3ek56s4agfdp3ibfcdeuqk]\', \'SELECT\\r\\n    `kcu`.`CONSTRAINT_NAME` AS `constraint_name`,\\r\\n    `kcu`.`COLUMN_NAME` AS `column_name`,\\r\\n    `kcu`.`REFERENCED_TABLE_NAME` AS `referenced_table_name`,\\r\\n    `kcu`.`REFERENCED_COLUMN_NAME` AS `referenced_column_name`\\r\\nFROM `information_schema`.`REFERENTIAL_CONSTRAINTS` AS `rc`\\r\\nJOIN `information_schema`.`KEY_COLUMN_USAGE` AS `kcu` ON\\r\\n    (\\r\\n        `kcu`.`CONSTRAINT_CATALOG` = `rc`.`CONSTRAINT_CATALOG` OR\\r\\n        (`kcu`.`CONSTRAINT_CATALOG` IS NULL AND `rc`.`CONSTRAINT_CATALOG` IS NULL)\\r\\n    ) AND\\r\\n    `kcu`.`CONSTRAINT_SCHEMA` = `rc`.`CONSTRAINT_SCHEMA` AND\\r\\n    `kcu`.`CONSTRAINT_NAME` = `rc`.`CONSTRAINT_NAME`\\r\\nWHERE `rc`.`CONSTRAINT_SCHEMA` = database() AND `kcu`.`TABLE_SCHEMA` = database()\\r\\nAND `rc`.`TABLE_NAME` = \\\'direccion\\\' AND `kcu`.`TABLE_NAME` = \\\'direccion\\\'\')'),(22510,'info','yii\\db\\Command::execute','2024-01-09 21:25:13','[::1][-][-]','INSERT INTO `log` (`level`, `category`, `log_time`, `prefix`, `message`)\r\n                VALUES (\'info\', \'yii\\\\db\\\\Command::query\', \'2024-01-09 22:25:13\', \'[::1][-][p27m3ek56s4agfdp3ibfcdeuqk]\', \'SELECT * FROM `direccion` WHERE `id`=\\\'4\\\'\')'),(22511,'info','yii\\db\\Command::execute','2024-01-09 21:25:13','[::1][-][-]','INSERT INTO `log` (`level`, `category`, `log_time`, `prefix`, `message`)\r\n                VALUES (\'info\', \'yii\\\\db\\\\Command::execute\', \'2024-01-09 22:25:13\', \'[::1][-][p27m3ek56s4agfdp3ibfcdeuqk]\', \'DELETE FROM `direccion` WHERE `id`=4\')'),(22512,'info','yii\\db\\Command::execute','2024-01-09 21:25:13','[::1][-][-]','INSERT INTO `log` (`level`, `category`, `log_time`, `prefix`, `message`)\r\n                VALUES (\'info\', \'application\', \'2024-01-09 22:25:13\', \'[::1][-][p27m3ek56s4agfdp3ibfcdeuqk]\', \'$_GET = [\\n    \\\'r\\\' => \\\'direccion/delete\\\'\\n    \\\'id\\\' => \\\'4\\\'\\n]\\n\\n$_POST = [\\n    \\\'_csrf\\\' => \\\'9_IrxKZJo6Oc6t1JQUqOF2QTJouDEDdTEoNB68pYESfBllmo3AH5kN-8jyEQBNpnUUNl4bB1YydfwRLf-xF8VQ==\\\'\\n]\\n\\n$_FILES = []\\n\\n$_COOKIE = [\\n    \\\'_identity\\\' => \\\'edcd6e27002627862a30d25ea24843c297f13188ba7b9ad3db80f872e5887197a:2:{i:0;s:9:\\\\\\\"_identity\\\\\\\";i:1;s:28:\\\\\\\"[\\\\\\\"100\\\\\\\",\\\\\\\"test100key\\\\\\\",2592000]\\\\\\\";}\\\'\\n    \\\'PHPSESSID\\\' => \\\'p27m3ek56s4agfdp3ibfcdeuqk\\\'\\n    \\\'_csrf\\\' => \\\'10823acd8f0e343b7e535907e4ca8aa1d32b203d2f40f6850ced295da0c38ee7a:2:{i:0;s:5:\\\\\\\"_csrf\\\\\\\";i:1;s:32:\\\\\\\"6drlzHZ3CVRhQNTp5PCj3eTtMBS41Imr\\\\\\\";}\\\'\\n]\\n\\n$_SESSION = [\\n    \\\'__flash\\\' => []\\n]\\n\\n$_SERVER = [\\n    \\\'MIBDIRS\\\' => \\\'C:/xampp/php/extras/mibs\\\'\\n    \\\'MYSQL_HOME\\\' => \\\'\\\\\\\\xampp\\\\\\\\mysql\\\\\\\\bin\\\'\\n    \\\'OPENSSL_CONF\\\' => \\\'C:/xampp/apache/bin/openssl.cnf\\\'\\n    \\\'PHP_PEAR_SYSCONF_DIR\\\' => \\\'\\\\\\\\xampp\\\\\\\\php\\\'\\n    \\\'PHPRC\\\' => \\\'\\\\\\\\xampp\\\\\\\\php\\\'\\n    \\\'TMP\\\' => \\\'\\\\\\\\xampp\\\\\\\\tmp\\\'\\n    \\\'HTTP_HOST\\\' => \\\'localhost\\\'\\n    \\\'HTTP_CONNECTION\\\' => \\\'keep-alive\\\'\\n    \\\'CONTENT_LENGTH\\\' => \\\'98\\\'\\n    \\\'HTTP_CACHE_CONTROL\\\' => \\\'max-age=0\\\'\\n    \\\'HTTP_SEC_CH_UA\\\' => \\\'\\\\\\\"Not_A Brand\\\\\\\";v=\\\\\\\"8\\\\\\\", \\\\\\\"Chromium\\\\\\\";v=\\\\\\\"120\\\\\\\", \\\\\\\"Google Chrome\\\\\\\";v=\\\\\\\"120\\\\\\\"\\\'\\n    \\\'HTTP_SEC_CH_UA_MOBILE\\\' => \\\'?0\\\'\\n    \\\'HTTP_SEC_CH_UA_PLATFORM\\\' => \\\'\\\\\\\"Windows\\\\\\\"\\\'\\n    \\\'HTTP_UPGRADE_INSECURE_REQUESTS\\\' => \\\'1\\\'\\n    \\\'HTTP_ORIGIN\\\' => \\\'http://localhost\\\'\\n    \\\'CONTENT_TYPE\\\' => \\\'application/x-www-form-urlencoded\\\'\\n    \\\'HTTP_USER_AGENT\\\' => \\\'Mozilla/5.0 (Windows NT 10.0; Win64; x64) AppleWebKit/537.36 (KHTML, like Gecko) Chrome/120.0.0.0 Safari/537.36\\\'\\n    \\\'HTTP_ACCEPT\\\' => \\\'text/html,application/xhtml+xml,application/xml;q=0.9,image/avif,image/webp,image/apng,*/*;q=0.8,application/signed-exchange;v=b3;q=0.7\\\'\\n    \\\'HTTP_SEC_FETCH_SITE\\\' => \\\'same-origin\\\'\\n    \\\'HTTP_SEC_FETCH_MODE\\\' => \\\'navigate\\\'\\n    \\\'HTTP_SEC_FETCH_USER\\\' => \\\'?1\\\'\\n    \\\'HTTP_SEC_FETCH_DEST\\\' => \\\'document\\\'\\n    \\\'HTTP_REFERER\\\' => \\\'http://localhost/torneos/basic/web/index.php?r=direccion%2Fview&id=4\\\'\\n    \\\'HTTP_ACCEPT_ENCODING\\\' => \\\'gzip, deflate, br\\\'\\n    \\\'HTTP_ACCEPT_LANGUAGE\\\' => \\\'es-ES,es;q=0.9\\\'\\n    \\\'HTTP_COOKIE\\\' => \\\'_identity=edcd6e27002627862a30d25ea24843c297f13188ba7b9ad3db80f872e5887197a%3A2%3A%7Bi%3A0%3Bs%3A9%3A%22_identity%22%3Bi%3A1%3Bs%3A28%3A%22%5B%22100%22%2C%22test100key%22%2C2592000%5D%22%3B%7D; PHPSESSID=p27m3ek56s4agfdp3ibfcdeuqk; _csrf=10823acd8f0e343b7e535907e4ca8aa1d32b203d2f40f6850ced295da0c38ee7a%3A2%3A%7Bi%3A0%3Bs%3A5%3A%22_csrf%22%3Bi%3A1%3Bs%3A32%3A%226drlzHZ3CVRhQNTp5PCj3eTtMBS41Imr%22%3B%7D\\\'\\n    \\\'PATH\\\' => \\\'C:\\\\\\\\Program Files\\\\\\\\Common Files\\\\\\\\Oracle\\\\\\\\Java\\\\\\\\javapath;C:\\\\\\\\Windows\\\\\\\\system32;C:\\\\\\\\Windows;C:\\\\\\\\Windows\\\\\\\\System32\\\\\\\\Wbem;C:\\\\\\\\Windows\\\\\\\\System32\\\\\\\\WindowsPowerShell\\\\\\\\v1.0\\\\\\\\;C:\\\\\\\\Windows\\\\\\\\System32\\\\\\\\OpenSSH\\\\\\\\;C:\\\\\\\\Program Files (x86)\\\\\\\\NVIDIA Corporation\\\\\\\\PhysX\\\\\\\\Common;C:\\\\\\\\Program Files\\\\\\\\NVIDIA Corporation\\\\\\\\NVIDIA NvDLISR;C:\\\\\\\\Program Files\\\\\\\\Wolfram Research\\\\\\\\WolframScript\\\\\\\\;C:\\\\\\\\Program Files\\\\\\\\Git\\\\\\\\cmd;C:\\\\\\\\Program Files\\\\\\\\dotnet\\\\\\\\;C:\\\\\\\\Program Files\\\\\\\\AutoFirma\\\\\\\\AutoFirma;C:\\\\\\\\xampp\\\\\\\\php;C:\\\\\\\\Users\\\\\\\\raftars77\\\\\\\\AppData\\\\\\\\Local\\\\\\\\Programs\\\\\\\\Python\\\\\\\\Python311\\\\\\\\Scripts\\\\\\\\;C:\\\\\\\\Users\\\\\\\\raftars77\\\\\\\\AppData\\\\\\\\Local\\\\\\\\Programs\\\\\\\\Python\\\\\\\\Python311\\\\\\\\;C:\\\\\\\\Users\\\\\\\\raftars77\\\\\\\\AppData\\\\\\\\Local\\\\\\\\Microsoft\\\\\\\\WindowsApps;C:\\\\\\\\Users\\\\\\\\raftars77\\\\\\\\AppData\\\\\\\\Local\\\\\\\\Programs\\\\\\\\Microsoft VS Code\\\\\\\\bin\\\'\\n    \\\'SystemRoot\\\' => \\\'C:\\\\\\\\Windows\\\'\\n    \\\'COMSPEC\\\' => \\\'C:\\\\\\\\Windows\\\\\\\\system32\\\\\\\\cmd.exe\\\'\\n    \\\'PATHEXT\\\' => \\\'.COM;.EXE;.BAT;.CMD;.VBS;.VBE;.JS;.JSE;.WSF;.WSH;.MSC\\\'\\n    \\\'WINDIR\\\' => \\\'C:\\\\\\\\Windows\\\'\\n    \\\'SERVER_SIGNATURE\\\' => \\\'<address>Apache/2.4.58 (Win64) OpenSSL/3.1.3 PHP/8.2.12 Server at localhost Port 80</address>\\n\\\'\\n    \\\'SERVER_SOFTWARE\\\' => \\\'Apache/2.4.58 (Win64) OpenSSL/3.1.3 PHP/8.2.12\\\'\\n    \\\'SERVER_NAME\\\' => \\\'localhost\\\'\\n    \\\'SERVER_ADDR\\\' => \\\'::1\\\'\\n    \\\'SERVER_PORT\\\' => \\\'80\\\'\\n    \\\'REMOTE_ADDR\\\' => \\\'::1\\\'\\n    \\\'DOCUMENT_ROOT\\\' => \\\'C:/xampp/htdocs\\\'\\n    \\\'REQUEST_SCHEME\\\' => \\\'http\\\'\\n    \\\'CONTEXT_PREFIX\\\' => \\\'/torneos\\\'\\n    \\\'CONTEXT_DOCUMENT_ROOT\\\' => \\\'C:\\\\\\\\Users\\\\\\\\raftars77\\\\\\\\Desktop\\\\\\\\Universidad\\\\\\\\Desarrollo de aplicaciones web II/daw2-2023_03_organizacion_torneos\\\'\\n    \\\'SERVER_ADMIN\\\' => \\\'postmaster@localhost\\\'\\n    \\\'SCRIPT_FILENAME\\\' => \\\'C:/Users/raftars77/Desktop/Universidad/Desarrollo de aplicaciones web II/daw2-2023_03_organizacion_torneos/basic/web/index.php\\\'\\n    \\\'REMOTE_PORT\\\' => \\\'60489\\\'\\n    \\\'GATEWAY_INTERFACE\\\' => \\\'CGI/1.1\\\'\\n    \\\'SERVER_PROTOCOL\\\' => \\\'HTTP/1.1\\\'\\n    \\\'REQUEST_METHOD\\\' => \\\'POST\\\'\\n    \\\'QUERY_STRING\\\' => \\\'r=direccion%2Fdelete&id=4\\\'\\n    \\\'REQUEST_URI\\\' => \\\'/torneos/basic/web/index.php?r=direccion%2Fdelete&id=4\\\'\\n    \\\'SCRIPT_NAME\\\' => \\\'/torneos/basic/web/index.php\\\'\\n    \\\'PHP_SELF\\\' => \\\'/torneos/basic/web/index.php\\\'\\n    \\\'REQUEST_TIME_FLOAT\\\' => 1704835513.1123\\n    \\\'REQUEST_TIME\\\' => 1704835513\\n]\')'),(22513,'info','yii\\db\\Command::execute','2024-01-09 21:25:13','[::1][-][-]','INSERT INTO `log` (`level`, `category`, `log_time`, `prefix`, `message`)\r\n                VALUES (\'error\', \'yii\\\\web\\\\HttpException:500\', \'2024-01-09 22:25:13\', \'[::1][-][p27m3ek56s4agfdp3ibfcdeuqk]\', \'yii\\\\web\\\\HttpException: No se puede eliminar este registro ya que está siendo utilizado por otra tabla. in C:\\\\Users\\\\raftars77\\\\Desktop\\\\Universidad\\\\Desarrollo de aplicaciones web II\\\\daw2-2023_03_organizacion_torneos\\\\basic\\\\controllers\\\\DireccionController.php:118\\nStack trace:\\n#0 [internal function]: app\\\\controllers\\\\DireccionController->actionDelete(\\\'4\\\')\\n#1 C:\\\\Users\\\\raftars77\\\\Desktop\\\\Universidad\\\\Desarrollo de aplicaciones web II\\\\daw2-2023_03_organizacion_torneos\\\\basic\\\\vendor\\\\yiisoft\\\\yii2\\\\base\\\\InlineAction.php(57): call_user_func_array(Array, Array)\\n#2 C:\\\\Users\\\\raftars77\\\\Desktop\\\\Universidad\\\\Desarrollo de aplicaciones web II\\\\daw2-2023_03_organizacion_torneos\\\\basic\\\\vendor\\\\yiisoft\\\\yii2\\\\base\\\\Controller.php(178): yii\\\\base\\\\InlineAction->runWithParams(Array)\\n#3 C:\\\\Users\\\\raftars77\\\\Desktop\\\\Universidad\\\\Desarrollo de aplicaciones web II\\\\daw2-2023_03_organizacion_torneos\\\\basic\\\\vendor\\\\yiisoft\\\\yii2\\\\base\\\\Module.php(552): yii\\\\base\\\\Controller->runAction(\\\'delete\\\', Array)\\n#4 C:\\\\Users\\\\raftars77\\\\Desktop\\\\Universidad\\\\Desarrollo de aplicaciones web II\\\\daw2-2023_03_organizacion_torneos\\\\basic\\\\vendor\\\\yiisoft\\\\yii2\\\\web\\\\Application.php(103): yii\\\\base\\\\Module->runAction(\\\'direccion/delet...\\\', Array)\\n#5 C:\\\\Users\\\\raftars77\\\\Desktop\\\\Universidad\\\\Desarrollo de aplicaciones web II\\\\daw2-2023_03_organizacion_torneos\\\\basic\\\\vendor\\\\yiisoft\\\\yii2\\\\base\\\\Application.php(384): yii\\\\web\\\\Application->handleRequest(Object(yii\\\\web\\\\Request))\\n#6 C:\\\\Users\\\\raftars77\\\\Desktop\\\\Universidad\\\\Desarrollo de aplicaciones web II\\\\daw2-2023_03_organizacion_torneos\\\\basic\\\\web\\\\index.php(12): yii\\\\base\\\\Application->run()\\n#7 {main}\')'),(22514,'info','yii\\db\\Command::execute','2024-01-09 21:25:13','[::1][-][-]','INSERT INTO `log` (`level`, `category`, `log_time`, `prefix`, `message`)\r\n                VALUES (\'info\', \'application\', \'2024-01-09 22:25:13\', \'[::1][-][p27m3ek56s4agfdp3ibfcdeuqk]\', \'$_GET = [\\n    \\\'r\\\' => \\\'direccion/delete\\\'\\n    \\\'id\\\' => \\\'4\\\'\\n]\\n\\n$_POST = [\\n    \\\'_csrf\\\' => \\\'9_IrxKZJo6Oc6t1JQUqOF2QTJouDEDdTEoNB68pYESfBllmo3AH5kN-8jyEQBNpnUUNl4bB1YydfwRLf-xF8VQ==\\\'\\n]\\n\\n$_FILES = []\\n\\n$_COOKIE = [\\n    \\\'_identity\\\' => \\\'edcd6e27002627862a30d25ea24843c297f13188ba7b9ad3db80f872e5887197a:2:{i:0;s:9:\\\\\\\"_identity\\\\\\\";i:1;s:28:\\\\\\\"[\\\\\\\"100\\\\\\\",\\\\\\\"test100key\\\\\\\",2592000]\\\\\\\";}\\\'\\n    \\\'PHPSESSID\\\' => \\\'p27m3ek56s4agfdp3ibfcdeuqk\\\'\\n    \\\'_csrf\\\' => \\\'10823acd8f0e343b7e535907e4ca8aa1d32b203d2f40f6850ced295da0c38ee7a:2:{i:0;s:5:\\\\\\\"_csrf\\\\\\\";i:1;s:32:\\\\\\\"6drlzHZ3CVRhQNTp5PCj3eTtMBS41Imr\\\\\\\";}\\\'\\n]\\n\\n$_SESSION = [\\n    \\\'__flash\\\' => []\\n]\\n\\n$_SERVER = [\\n    \\\'MIBDIRS\\\' => \\\'C:/xampp/php/extras/mibs\\\'\\n    \\\'MYSQL_HOME\\\' => \\\'\\\\\\\\xampp\\\\\\\\mysql\\\\\\\\bin\\\'\\n    \\\'OPENSSL_CONF\\\' => \\\'C:/xampp/apache/bin/openssl.cnf\\\'\\n    \\\'PHP_PEAR_SYSCONF_DIR\\\' => \\\'\\\\\\\\xampp\\\\\\\\php\\\'\\n    \\\'PHPRC\\\' => \\\'\\\\\\\\xampp\\\\\\\\php\\\'\\n    \\\'TMP\\\' => \\\'\\\\\\\\xampp\\\\\\\\tmp\\\'\\n    \\\'HTTP_HOST\\\' => \\\'localhost\\\'\\n    \\\'HTTP_CONNECTION\\\' => \\\'keep-alive\\\'\\n    \\\'CONTENT_LENGTH\\\' => \\\'98\\\'\\n    \\\'HTTP_CACHE_CONTROL\\\' => \\\'max-age=0\\\'\\n    \\\'HTTP_SEC_CH_UA\\\' => \\\'\\\\\\\"Not_A Brand\\\\\\\";v=\\\\\\\"8\\\\\\\", \\\\\\\"Chromium\\\\\\\";v=\\\\\\\"120\\\\\\\", \\\\\\\"Google Chrome\\\\\\\";v=\\\\\\\"120\\\\\\\"\\\'\\n    \\\'HTTP_SEC_CH_UA_MOBILE\\\' => \\\'?0\\\'\\n    \\\'HTTP_SEC_CH_UA_PLATFORM\\\' => \\\'\\\\\\\"Windows\\\\\\\"\\\'\\n    \\\'HTTP_UPGRADE_INSECURE_REQUESTS\\\' => \\\'1\\\'\\n    \\\'HTTP_ORIGIN\\\' => \\\'http://localhost\\\'\\n    \\\'CONTENT_TYPE\\\' => \\\'application/x-www-form-urlencoded\\\'\\n    \\\'HTTP_USER_AGENT\\\' => \\\'Mozilla/5.0 (Windows NT 10.0; Win64; x64) AppleWebKit/537.36 (KHTML, like Gecko) Chrome/120.0.0.0 Safari/537.36\\\'\\n    \\\'HTTP_ACCEPT\\\' => \\\'text/html,application/xhtml+xml,application/xml;q=0.9,image/avif,image/webp,image/apng,*/*;q=0.8,application/signed-exchange;v=b3;q=0.7\\\'\\n    \\\'HTTP_SEC_FETCH_SITE\\\' => \\\'same-origin\\\'\\n    \\\'HTTP_SEC_FETCH_MODE\\\' => \\\'navigate\\\'\\n    \\\'HTTP_SEC_FETCH_USER\\\' => \\\'?1\\\'\\n    \\\'HTTP_SEC_FETCH_DEST\\\' => \\\'document\\\'\\n    \\\'HTTP_REFERER\\\' => \\\'http://localhost/torneos/basic/web/index.php?r=direccion%2Fview&id=4\\\'\\n    \\\'HTTP_ACCEPT_ENCODING\\\' => \\\'gzip, deflate, br\\\'\\n    \\\'HTTP_ACCEPT_LANGUAGE\\\' => \\\'es-ES,es;q=0.9\\\'\\n    \\\'HTTP_COOKIE\\\' => \\\'_identity=edcd6e27002627862a30d25ea24843c297f13188ba7b9ad3db80f872e5887197a%3A2%3A%7Bi%3A0%3Bs%3A9%3A%22_identity%22%3Bi%3A1%3Bs%3A28%3A%22%5B%22100%22%2C%22test100key%22%2C2592000%5D%22%3B%7D; PHPSESSID=p27m3ek56s4agfdp3ibfcdeuqk; _csrf=10823acd8f0e343b7e535907e4ca8aa1d32b203d2f40f6850ced295da0c38ee7a%3A2%3A%7Bi%3A0%3Bs%3A5%3A%22_csrf%22%3Bi%3A1%3Bs%3A32%3A%226drlzHZ3CVRhQNTp5PCj3eTtMBS41Imr%22%3B%7D\\\'\\n    \\\'PATH\\\' => \\\'C:\\\\\\\\Program Files\\\\\\\\Common Files\\\\\\\\Oracle\\\\\\\\Java\\\\\\\\javapath;C:\\\\\\\\Windows\\\\\\\\system32;C:\\\\\\\\Windows;C:\\\\\\\\Windows\\\\\\\\System32\\\\\\\\Wbem;C:\\\\\\\\Windows\\\\\\\\System32\\\\\\\\WindowsPowerShell\\\\\\\\v1.0\\\\\\\\;C:\\\\\\\\Windows\\\\\\\\System32\\\\\\\\OpenSSH\\\\\\\\;C:\\\\\\\\Program Files (x86)\\\\\\\\NVIDIA Corporation\\\\\\\\PhysX\\\\\\\\Common;C:\\\\\\\\Program Files\\\\\\\\NVIDIA Corporation\\\\\\\\NVIDIA NvDLISR;C:\\\\\\\\Program Files\\\\\\\\Wolfram Research\\\\\\\\WolframScript\\\\\\\\;C:\\\\\\\\Program Files\\\\\\\\Git\\\\\\\\cmd;C:\\\\\\\\Program Files\\\\\\\\dotnet\\\\\\\\;C:\\\\\\\\Program Files\\\\\\\\AutoFirma\\\\\\\\AutoFirma;C:\\\\\\\\xampp\\\\\\\\php;C:\\\\\\\\Users\\\\\\\\raftars77\\\\\\\\AppData\\\\\\\\Local\\\\\\\\Programs\\\\\\\\Python\\\\\\\\Python311\\\\\\\\Scripts\\\\\\\\;C:\\\\\\\\Users\\\\\\\\raftars77\\\\\\\\AppData\\\\\\\\Local\\\\\\\\Programs\\\\\\\\Python\\\\\\\\Python311\\\\\\\\;C:\\\\\\\\Users\\\\\\\\raftars77\\\\\\\\AppData\\\\\\\\Local\\\\\\\\Microsoft\\\\\\\\WindowsApps;C:\\\\\\\\Users\\\\\\\\raftars77\\\\\\\\AppData\\\\\\\\Local\\\\\\\\Programs\\\\\\\\Microsoft VS Code\\\\\\\\bin\\\'\\n    \\\'SystemRoot\\\' => \\\'C:\\\\\\\\Windows\\\'\\n    \\\'COMSPEC\\\' => \\\'C:\\\\\\\\Windows\\\\\\\\system32\\\\\\\\cmd.exe\\\'\\n    \\\'PATHEXT\\\' => \\\'.COM;.EXE;.BAT;.CMD;.VBS;.VBE;.JS;.JSE;.WSF;.WSH;.MSC\\\'\\n    \\\'WINDIR\\\' => \\\'C:\\\\\\\\Windows\\\'\\n    \\\'SERVER_SIGNATURE\\\' => \\\'<address>Apache/2.4.58 (Win64) OpenSSL/3.1.3 PHP/8.2.12 Server at localhost Port 80</address>\\n\\\'\\n    \\\'SERVER_SOFTWARE\\\' => \\\'Apache/2.4.58 (Win64) OpenSSL/3.1.3 PHP/8.2.12\\\'\\n    \\\'SERVER_NAME\\\' => \\\'localhost\\\'\\n    \\\'SERVER_ADDR\\\' => \\\'::1\\\'\\n    \\\'SERVER_PORT\\\' => \\\'80\\\'\\n    \\\'REMOTE_ADDR\\\' => \\\'::1\\\'\\n    \\\'DOCUMENT_ROOT\\\' => \\\'C:/xampp/htdocs\\\'\\n    \\\'REQUEST_SCHEME\\\' => \\\'http\\\'\\n    \\\'CONTEXT_PREFIX\\\' => \\\'/torneos\\\'\\n    \\\'CONTEXT_DOCUMENT_ROOT\\\' => \\\'C:\\\\\\\\Users\\\\\\\\raftars77\\\\\\\\Desktop\\\\\\\\Universidad\\\\\\\\Desarrollo de aplicaciones web II/daw2-2023_03_organizacion_torneos\\\'\\n    \\\'SERVER_ADMIN\\\' => \\\'postmaster@localhost\\\'\\n    \\\'SCRIPT_FILENAME\\\' => \\\'C:/Users/raftars77/Desktop/Universidad/Desarrollo de aplicaciones web II/daw2-2023_03_organizacion_torneos/basic/web/index.php\\\'\\n    \\\'REMOTE_PORT\\\' => \\\'60489\\\'\\n    \\\'GATEWAY_INTERFACE\\\' => \\\'CGI/1.1\\\'\\n    \\\'SERVER_PROTOCOL\\\' => \\\'HTTP/1.1\\\'\\n    \\\'REQUEST_METHOD\\\' => \\\'POST\\\'\\n    \\\'QUERY_STRING\\\' => \\\'r=direccion%2Fdelete&id=4\\\'\\n    \\\'REQUEST_URI\\\' => \\\'/torneos/basic/web/index.php?r=direccion%2Fdelete&id=4\\\'\\n    \\\'SCRIPT_NAME\\\' => \\\'/torneos/basic/web/index.php\\\'\\n    \\\'PHP_SELF\\\' => \\\'/torneos/basic/web/index.php\\\'\\n    \\\'REQUEST_TIME_FLOAT\\\' => 1704835513.1123\\n    \\\'REQUEST_TIME\\\' => 1704835513\\n]\')'),(22515,'info','yii\\db\\Command::execute','2024-01-09 21:25:13','[::1][-][-]','INSERT INTO `log` (`level`, `category`, `log_time`, `prefix`, `message`)\r\n                VALUES (\'trace\', \'yii\\\\base\\\\Application::bootstrap\', \'2024-01-09 22:25:13\', \'[::1][-][p27m3ek56s4agfdp3ibfcdeuqk]\', \'Bootstrap with yii\\\\bootstrap5\\\\i18n\\\\TranslationBootstrap::bootstrap()\')'),(22516,'info','yii\\db\\Command::execute','2024-01-09 21:25:13','[::1][-][-]','INSERT INTO `log` (`level`, `category`, `log_time`, `prefix`, `message`)\r\n                VALUES (\'trace\', \'yii\\\\base\\\\Application::bootstrap\', \'2024-01-09 22:25:13\', \'[::1][-][p27m3ek56s4agfdp3ibfcdeuqk]\', \'Bootstrap with yii\\\\log\\\\Dispatcher\')'),(22517,'info','yii\\db\\Command::execute','2024-01-09 21:25:13','[::1][-][-]','INSERT INTO `log` (`level`, `category`, `log_time`, `prefix`, `message`)\r\n                VALUES (\'trace\', \'yii\\\\base\\\\Module::getModule\', \'2024-01-09 22:25:13\', \'[::1][-][p27m3ek56s4agfdp3ibfcdeuqk]\', \'Loading module: debug\')'),(22518,'info','yii\\db\\Command::execute','2024-01-09 21:25:13','[::1][-][-]','INSERT INTO `log` (`level`, `category`, `log_time`, `prefix`, `message`)\r\n                VALUES (\'trace\', \'yii\\\\base\\\\Application::bootstrap\', \'2024-01-09 22:25:13\', \'[::1][-][p27m3ek56s4agfdp3ibfcdeuqk]\', \'Bootstrap with yii\\\\debug\\\\Module::bootstrap()\')'),(22519,'info','yii\\db\\Command::execute','2024-01-09 21:25:13','[::1][-][-]','INSERT INTO `log` (`level`, `category`, `log_time`, `prefix`, `message`)\r\n                VALUES (\'trace\', \'yii\\\\base\\\\Module::getModule\', \'2024-01-09 22:25:13\', \'[::1][-][p27m3ek56s4agfdp3ibfcdeuqk]\', \'Loading module: gii\')'),(22520,'info','yii\\db\\Command::execute','2024-01-09 21:25:13','[::1][-][-]','INSERT INTO `log` (`level`, `category`, `log_time`, `prefix`, `message`)\r\n                VALUES (\'trace\', \'yii\\\\base\\\\Application::bootstrap\', \'2024-01-09 22:25:13\', \'[::1][-][p27m3ek56s4agfdp3ibfcdeuqk]\', \'Bootstrap with yii\\\\gii\\\\Module::bootstrap()\')'),(22521,'info','yii\\db\\Command::execute','2024-01-09 21:25:13','[::1][-][-]','INSERT INTO `log` (`level`, `category`, `log_time`, `prefix`, `message`)\r\n                VALUES (\'trace\', \'yii\\\\web\\\\UrlManager::parseRequest\', \'2024-01-09 22:25:13\', \'[::1][-][p27m3ek56s4agfdp3ibfcdeuqk]\', \'Pretty URL not enabled. Using default URL parsing logic.\')'),(22522,'info','yii\\db\\Command::execute','2024-01-09 21:25:13','[::1][-][-]','INSERT INTO `log` (`level`, `category`, `log_time`, `prefix`, `message`)\r\n                VALUES (\'trace\', \'yii\\\\web\\\\Application::handleRequest\', \'2024-01-09 22:25:13\', \'[::1][-][p27m3ek56s4agfdp3ibfcdeuqk]\', \'Route requested: \\\'direccion/delete\\\'\')'),(22523,'info','yii\\db\\Command::execute','2024-01-09 21:25:13','[::1][-][-]','INSERT INTO `log` (`level`, `category`, `log_time`, `prefix`, `message`)\r\n                VALUES (\'trace\', \'yii\\\\base\\\\Controller::runAction\', \'2024-01-09 22:25:13\', \'[::1][-][p27m3ek56s4agfdp3ibfcdeuqk]\', \'Route to run: direccion/delete\')'),(22524,'info','yii\\db\\Command::execute','2024-01-09 21:25:13','[::1][-][-]','INSERT INTO `log` (`level`, `category`, `log_time`, `prefix`, `message`)\r\n                VALUES (\'trace\', \'yii\\\\base\\\\InlineAction::runWithParams\', \'2024-01-09 22:25:13\', \'[::1][-][p27m3ek56s4agfdp3ibfcdeuqk]\', \'Running action: app\\\\controllers\\\\DireccionController::actionDelete()\')'),(22525,'info','yii\\db\\Command::execute','2024-01-09 21:25:13','[::1][-][-]','INSERT INTO `log` (`level`, `category`, `log_time`, `prefix`, `message`)\r\n                VALUES (\'trace\', \'yii\\\\base\\\\Controller::runAction\', \'2024-01-09 22:25:13\', \'[::1][-][p27m3ek56s4agfdp3ibfcdeuqk]\', \'Route to run: site/error\')'),(22526,'info','yii\\db\\Command::execute','2024-01-09 21:25:13','[::1][-][-]','INSERT INTO `log` (`level`, `category`, `log_time`, `prefix`, `message`)\r\n                VALUES (\'trace\', \'yii\\\\base\\\\Action::runWithParams\', \'2024-01-09 22:25:13\', \'[::1][-][p27m3ek56s4agfdp3ibfcdeuqk]\', \'Running action: yii\\\\web\\\\ErrorAction::run(), invoked by app\\\\controllers\\\\SiteController\')'),(22527,'info','yii\\db\\Command::execute','2024-01-09 21:25:13','[::1][-][-]','INSERT INTO `log` (`level`, `category`, `log_time`, `prefix`, `message`)\r\n                VALUES (\'trace\', \'yii\\\\base\\\\View::renderFile\', \'2024-01-09 22:25:13\', \'[::1][-][p27m3ek56s4agfdp3ibfcdeuqk]\', \'Rendering view file: C:\\\\Users\\\\raftars77\\\\Desktop\\\\Universidad\\\\Desarrollo de aplicaciones web II\\\\daw2-2023_03_organizacion_torneos\\\\basic\\\\views\\\\site\\\\error.php\')'),(22528,'info','yii\\db\\Command::execute','2024-01-09 21:25:13','[::1][-][-]','INSERT INTO `log` (`level`, `category`, `log_time`, `prefix`, `message`)\r\n                VALUES (\'trace\', \'yii\\\\base\\\\View::renderFile\', \'2024-01-09 22:25:13\', \'[::1][-][p27m3ek56s4agfdp3ibfcdeuqk]\', \'Rendering view file: C:\\\\Users\\\\raftars77\\\\Desktop\\\\Universidad\\\\Desarrollo de aplicaciones web II\\\\daw2-2023_03_organizacion_torneos\\\\basic\\\\views\\\\layouts\\\\main.php\')'),(22529,'info','yii\\db\\Command::execute','2024-01-09 21:25:13','[::1][-][-]','INSERT INTO `log` (`level`, `category`, `log_time`, `prefix`, `message`)\r\n                VALUES (\'info\', \'application\', \'2024-01-09 22:25:13\', \'[::1][-][p27m3ek56s4agfdp3ibfcdeuqk]\', \'$_GET = [\\n    \\\'r\\\' => \\\'direccion/delete\\\'\\n    \\\'id\\\' => \\\'4\\\'\\n]\\n\\n$_POST = [\\n    \\\'_csrf\\\' => \\\'9_IrxKZJo6Oc6t1JQUqOF2QTJouDEDdTEoNB68pYESfBllmo3AH5kN-8jyEQBNpnUUNl4bB1YydfwRLf-xF8VQ==\\\'\\n]\\n\\n$_FILES = []\\n\\n$_COOKIE = [\\n    \\\'_identity\\\' => \\\'edcd6e27002627862a30d25ea24843c297f13188ba7b9ad3db80f872e5887197a:2:{i:0;s:9:\\\\\\\"_identity\\\\\\\";i:1;s:28:\\\\\\\"[\\\\\\\"100\\\\\\\",\\\\\\\"test100key\\\\\\\",2592000]\\\\\\\";}\\\'\\n    \\\'PHPSESSID\\\' => \\\'p27m3ek56s4agfdp3ibfcdeuqk\\\'\\n    \\\'_csrf\\\' => \\\'10823acd8f0e343b7e535907e4ca8aa1d32b203d2f40f6850ced295da0c38ee7a:2:{i:0;s:5:\\\\\\\"_csrf\\\\\\\";i:1;s:32:\\\\\\\"6drlzHZ3CVRhQNTp5PCj3eTtMBS41Imr\\\\\\\";}\\\'\\n]\\n\\n$_SESSION = [\\n    \\\'__flash\\\' => []\\n]\\n\\n$_SERVER = [\\n    \\\'MIBDIRS\\\' => \\\'C:/xampp/php/extras/mibs\\\'\\n    \\\'MYSQL_HOME\\\' => \\\'\\\\\\\\xampp\\\\\\\\mysql\\\\\\\\bin\\\'\\n    \\\'OPENSSL_CONF\\\' => \\\'C:/xampp/apache/bin/openssl.cnf\\\'\\n    \\\'PHP_PEAR_SYSCONF_DIR\\\' => \\\'\\\\\\\\xampp\\\\\\\\php\\\'\\n    \\\'PHPRC\\\' => \\\'\\\\\\\\xampp\\\\\\\\php\\\'\\n    \\\'TMP\\\' => \\\'\\\\\\\\xampp\\\\\\\\tmp\\\'\\n    \\\'HTTP_HOST\\\' => \\\'localhost\\\'\\n    \\\'HTTP_CONNECTION\\\' => \\\'keep-alive\\\'\\n    \\\'CONTENT_LENGTH\\\' => \\\'98\\\'\\n    \\\'HTTP_CACHE_CONTROL\\\' => \\\'max-age=0\\\'\\n    \\\'HTTP_SEC_CH_UA\\\' => \\\'\\\\\\\"Not_A Brand\\\\\\\";v=\\\\\\\"8\\\\\\\", \\\\\\\"Chromium\\\\\\\";v=\\\\\\\"120\\\\\\\", \\\\\\\"Google Chrome\\\\\\\";v=\\\\\\\"120\\\\\\\"\\\'\\n    \\\'HTTP_SEC_CH_UA_MOBILE\\\' => \\\'?0\\\'\\n    \\\'HTTP_SEC_CH_UA_PLATFORM\\\' => \\\'\\\\\\\"Windows\\\\\\\"\\\'\\n    \\\'HTTP_UPGRADE_INSECURE_REQUESTS\\\' => \\\'1\\\'\\n    \\\'HTTP_ORIGIN\\\' => \\\'http://localhost\\\'\\n    \\\'CONTENT_TYPE\\\' => \\\'application/x-www-form-urlencoded\\\'\\n    \\\'HTTP_USER_AGENT\\\' => \\\'Mozilla/5.0 (Windows NT 10.0; Win64; x64) AppleWebKit/537.36 (KHTML, like Gecko) Chrome/120.0.0.0 Safari/537.36\\\'\\n    \\\'HTTP_ACCEPT\\\' => \\\'text/html,application/xhtml+xml,application/xml;q=0.9,image/avif,image/webp,image/apng,*/*;q=0.8,application/signed-exchange;v=b3;q=0.7\\\'\\n    \\\'HTTP_SEC_FETCH_SITE\\\' => \\\'same-origin\\\'\\n    \\\'HTTP_SEC_FETCH_MODE\\\' => \\\'navigate\\\'\\n    \\\'HTTP_SEC_FETCH_USER\\\' => \\\'?1\\\'\\n    \\\'HTTP_SEC_FETCH_DEST\\\' => \\\'document\\\'\\n    \\\'HTTP_REFERER\\\' => \\\'http://localhost/torneos/basic/web/index.php?r=direccion%2Fview&id=4\\\'\\n    \\\'HTTP_ACCEPT_ENCODING\\\' => \\\'gzip, deflate, br\\\'\\n    \\\'HTTP_ACCEPT_LANGUAGE\\\' => \\\'es-ES,es;q=0.9\\\'\\n    \\\'HTTP_COOKIE\\\' => \\\'_identity=edcd6e27002627862a30d25ea24843c297f13188ba7b9ad3db80f872e5887197a%3A2%3A%7Bi%3A0%3Bs%3A9%3A%22_identity%22%3Bi%3A1%3Bs%3A28%3A%22%5B%22100%22%2C%22test100key%22%2C2592000%5D%22%3B%7D; PHPSESSID=p27m3ek56s4agfdp3ibfcdeuqk; _csrf=10823acd8f0e343b7e535907e4ca8aa1d32b203d2f40f6850ced295da0c38ee7a%3A2%3A%7Bi%3A0%3Bs%3A5%3A%22_csrf%22%3Bi%3A1%3Bs%3A32%3A%226drlzHZ3CVRhQNTp5PCj3eTtMBS41Imr%22%3B%7D\\\'\\n    \\\'PATH\\\' => \\\'C:\\\\\\\\Program Files\\\\\\\\Common Files\\\\\\\\Oracle\\\\\\\\Java\\\\\\\\javapath;C:\\\\\\\\Windows\\\\\\\\system32;C:\\\\\\\\Windows;C:\\\\\\\\Windows\\\\\\\\System32\\\\\\\\Wbem;C:\\\\\\\\Windows\\\\\\\\System32\\\\\\\\WindowsPowerShell\\\\\\\\v1.0\\\\\\\\;C:\\\\\\\\Windows\\\\\\\\System32\\\\\\\\OpenSSH\\\\\\\\;C:\\\\\\\\Program Files (x86)\\\\\\\\NVIDIA Corporation\\\\\\\\PhysX\\\\\\\\Common;C:\\\\\\\\Program Files\\\\\\\\NVIDIA Corporation\\\\\\\\NVIDIA NvDLISR;C:\\\\\\\\Program Files\\\\\\\\Wolfram Research\\\\\\\\WolframScript\\\\\\\\;C:\\\\\\\\Program Files\\\\\\\\Git\\\\\\\\cmd;C:\\\\\\\\Program Files\\\\\\\\dotnet\\\\\\\\;C:\\\\\\\\Program Files\\\\\\\\AutoFirma\\\\\\\\AutoFirma;C:\\\\\\\\xampp\\\\\\\\php;C:\\\\\\\\Users\\\\\\\\raftars77\\\\\\\\AppData\\\\\\\\Local\\\\\\\\Programs\\\\\\\\Python\\\\\\\\Python311\\\\\\\\Scripts\\\\\\\\;C:\\\\\\\\Users\\\\\\\\raftars77\\\\\\\\AppData\\\\\\\\Local\\\\\\\\Programs\\\\\\\\Python\\\\\\\\Python311\\\\\\\\;C:\\\\\\\\Users\\\\\\\\raftars77\\\\\\\\AppData\\\\\\\\Local\\\\\\\\Microsoft\\\\\\\\WindowsApps;C:\\\\\\\\Users\\\\\\\\raftars77\\\\\\\\AppData\\\\\\\\Local\\\\\\\\Programs\\\\\\\\Microsoft VS Code\\\\\\\\bin\\\'\\n    \\\'SystemRoot\\\' => \\\'C:\\\\\\\\Windows\\\'\\n    \\\'COMSPEC\\\' => \\\'C:\\\\\\\\Windows\\\\\\\\system32\\\\\\\\cmd.exe\\\'\\n    \\\'PATHEXT\\\' => \\\'.COM;.EXE;.BAT;.CMD;.VBS;.VBE;.JS;.JSE;.WSF;.WSH;.MSC\\\'\\n    \\\'WINDIR\\\' => \\\'C:\\\\\\\\Windows\\\'\\n    \\\'SERVER_SIGNATURE\\\' => \\\'<address>Apache/2.4.58 (Win64) OpenSSL/3.1.3 PHP/8.2.12 Server at localhost Port 80</address>\\n\\\'\\n    \\\'SERVER_SOFTWARE\\\' => \\\'Apache/2.4.58 (Win64) OpenSSL/3.1.3 PHP/8.2.12\\\'\\n    \\\'SERVER_NAME\\\' => \\\'localhost\\\'\\n    \\\'SERVER_ADDR\\\' => \\\'::1\\\'\\n    \\\'SERVER_PORT\\\' => \\\'80\\\'\\n    \\\'REMOTE_ADDR\\\' => \\\'::1\\\'\\n    \\\'DOCUMENT_ROOT\\\' => \\\'C:/xampp/htdocs\\\'\\n    \\\'REQUEST_SCHEME\\\' => \\\'http\\\'\\n    \\\'CONTEXT_PREFIX\\\' => \\\'/torneos\\\'\\n    \\\'CONTEXT_DOCUMENT_ROOT\\\' => \\\'C:\\\\\\\\Users\\\\\\\\raftars77\\\\\\\\Desktop\\\\\\\\Universidad\\\\\\\\Desarrollo de aplicaciones web II/daw2-2023_03_organizacion_torneos\\\'\\n    \\\'SERVER_ADMIN\\\' => \\\'postmaster@localhost\\\'\\n    \\\'SCRIPT_FILENAME\\\' => \\\'C:/Users/raftars77/Desktop/Universidad/Desarrollo de aplicaciones web II/daw2-2023_03_organizacion_torneos/basic/web/index.php\\\'\\n    \\\'REMOTE_PORT\\\' => \\\'60489\\\'\\n    \\\'GATEWAY_INTERFACE\\\' => \\\'CGI/1.1\\\'\\n    \\\'SERVER_PROTOCOL\\\' => \\\'HTTP/1.1\\\'\\n    \\\'REQUEST_METHOD\\\' => \\\'POST\\\'\\n    \\\'QUERY_STRING\\\' => \\\'r=direccion%2Fdelete&id=4\\\'\\n    \\\'REQUEST_URI\\\' => \\\'/torneos/basic/web/index.php?r=direccion%2Fdelete&id=4\\\'\\n    \\\'SCRIPT_NAME\\\' => \\\'/torneos/basic/web/index.php\\\'\\n    \\\'PHP_SELF\\\' => \\\'/torneos/basic/web/index.php\\\'\\n    \\\'REQUEST_TIME_FLOAT\\\' => 1704835513.1123\\n    \\\'REQUEST_TIME\\\' => 1704835513\\n]\')'),(22530,'info','application','2024-01-09 21:25:13','[::1][-][-]','$_GET = [\n    \'r\' => \'direccion/delete\'\n    \'id\' => \'4\'\n]\n\n$_POST = [\n    \'_csrf\' => \'9_IrxKZJo6Oc6t1JQUqOF2QTJouDEDdTEoNB68pYESfBllmo3AH5kN-8jyEQBNpnUUNl4bB1YydfwRLf-xF8VQ==\'\n]\n\n$_FILES = []\n\n$_COOKIE = [\n    \'_identity\' => \'edcd6e27002627862a30d25ea24843c297f13188ba7b9ad3db80f872e5887197a:2:{i:0;s:9:\\\"_identity\\\";i:1;s:28:\\\"[\\\"100\\\",\\\"test100key\\\",2592000]\\\";}\'\n    \'PHPSESSID\' => \'p27m3ek56s4agfdp3ibfcdeuqk\'\n    \'_csrf\' => \'10823acd8f0e343b7e535907e4ca8aa1d32b203d2f40f6850ced295da0c38ee7a:2:{i:0;s:5:\\\"_csrf\\\";i:1;s:32:\\\"6drlzHZ3CVRhQNTp5PCj3eTtMBS41Imr\\\";}\'\n]\n\n$_SESSION = [\n    \'__flash\' => []\n]\n\n$_SERVER = [\n    \'MIBDIRS\' => \'C:/xampp/php/extras/mibs\'\n    \'MYSQL_HOME\' => \'\\\\xampp\\\\mysql\\\\bin\'\n    \'OPENSSL_CONF\' => \'C:/xampp/apache/bin/openssl.cnf\'\n    \'PHP_PEAR_SYSCONF_DIR\' => \'\\\\xampp\\\\php\'\n    \'PHPRC\' => \'\\\\xampp\\\\php\'\n    \'TMP\' => \'\\\\xampp\\\\tmp\'\n    \'HTTP_HOST\' => \'localhost\'\n    \'HTTP_CONNECTION\' => \'keep-alive\'\n    \'CONTENT_LENGTH\' => \'98\'\n    \'HTTP_CACHE_CONTROL\' => \'max-age=0\'\n    \'HTTP_SEC_CH_UA\' => \'\\\"Not_A Brand\\\";v=\\\"8\\\", \\\"Chromium\\\";v=\\\"120\\\", \\\"Google Chrome\\\";v=\\\"120\\\"\'\n    \'HTTP_SEC_CH_UA_MOBILE\' => \'?0\'\n    \'HTTP_SEC_CH_UA_PLATFORM\' => \'\\\"Windows\\\"\'\n    \'HTTP_UPGRADE_INSECURE_REQUESTS\' => \'1\'\n    \'HTTP_ORIGIN\' => \'http://localhost\'\n    \'CONTENT_TYPE\' => \'application/x-www-form-urlencoded\'\n    \'HTTP_USER_AGENT\' => \'Mozilla/5.0 (Windows NT 10.0; Win64; x64) AppleWebKit/537.36 (KHTML, like Gecko) Chrome/120.0.0.0 Safari/537.36\'\n    \'HTTP_ACCEPT\' => \'text/html,application/xhtml+xml,application/xml;q=0.9,image/avif,image/webp,image/apng,*/*;q=0.8,application/signed-exchange;v=b3;q=0.7\'\n    \'HTTP_SEC_FETCH_SITE\' => \'same-origin\'\n    \'HTTP_SEC_FETCH_MODE\' => \'navigate\'\n    \'HTTP_SEC_FETCH_USER\' => \'?1\'\n    \'HTTP_SEC_FETCH_DEST\' => \'document\'\n    \'HTTP_REFERER\' => \'http://localhost/torneos/basic/web/index.php?r=direccion%2Fview&id=4\'\n    \'HTTP_ACCEPT_ENCODING\' => \'gzip, deflate, br\'\n    \'HTTP_ACCEPT_LANGUAGE\' => \'es-ES,es;q=0.9\'\n    \'HTTP_COOKIE\' => \'_identity=edcd6e27002627862a30d25ea24843c297f13188ba7b9ad3db80f872e5887197a%3A2%3A%7Bi%3A0%3Bs%3A9%3A%22_identity%22%3Bi%3A1%3Bs%3A28%3A%22%5B%22100%22%2C%22test100key%22%2C2592000%5D%22%3B%7D; PHPSESSID=p27m3ek56s4agfdp3ibfcdeuqk; _csrf=10823acd8f0e343b7e535907e4ca8aa1d32b203d2f40f6850ced295da0c38ee7a%3A2%3A%7Bi%3A0%3Bs%3A5%3A%22_csrf%22%3Bi%3A1%3Bs%3A32%3A%226drlzHZ3CVRhQNTp5PCj3eTtMBS41Imr%22%3B%7D\'\n    \'PATH\' => \'C:\\\\Program Files\\\\Common Files\\\\Oracle\\\\Java\\\\javapath;C:\\\\Windows\\\\system32;C:\\\\Windows;C:\\\\Windows\\\\System32\\\\Wbem;C:\\\\Windows\\\\System32\\\\WindowsPowerShell\\\\v1.0\\\\;C:\\\\Windows\\\\System32\\\\OpenSSH\\\\;C:\\\\Program Files (x86)\\\\NVIDIA Corporation\\\\PhysX\\\\Common;C:\\\\Program Files\\\\NVIDIA Corporation\\\\NVIDIA NvDLISR;C:\\\\Program Files\\\\Wolfram Research\\\\WolframScript\\\\;C:\\\\Program Files\\\\Git\\\\cmd;C:\\\\Program Files\\\\dotnet\\\\;C:\\\\Program Files\\\\AutoFirma\\\\AutoFirma;C:\\\\xampp\\\\php;C:\\\\Users\\\\raftars77\\\\AppData\\\\Local\\\\Programs\\\\Python\\\\Python311\\\\Scripts\\\\;C:\\\\Users\\\\raftars77\\\\AppData\\\\Local\\\\Programs\\\\Python\\\\Python311\\\\;C:\\\\Users\\\\raftars77\\\\AppData\\\\Local\\\\Microsoft\\\\WindowsApps;C:\\\\Users\\\\raftars77\\\\AppData\\\\Local\\\\Programs\\\\Microsoft VS Code\\\\bin\'\n    \'SystemRoot\' => \'C:\\\\Windows\'\n    \'COMSPEC\' => \'C:\\\\Windows\\\\system32\\\\cmd.exe\'\n    \'PATHEXT\' => \'.COM;.EXE;.BAT;.CMD;.VBS;.VBE;.JS;.JSE;.WSF;.WSH;.MSC\'\n    \'WINDIR\' => \'C:\\\\Windows\'\n    \'SERVER_SIGNATURE\' => \'<address>Apache/2.4.58 (Win64) OpenSSL/3.1.3 PHP/8.2.12 Server at localhost Port 80</address>\n\'\n    \'SERVER_SOFTWARE\' => \'Apache/2.4.58 (Win64) OpenSSL/3.1.3 PHP/8.2.12\'\n    \'SERVER_NAME\' => \'localhost\'\n    \'SERVER_ADDR\' => \'::1\'\n    \'SERVER_PORT\' => \'80\'\n    \'REMOTE_ADDR\' => \'::1\'\n    \'DOCUMENT_ROOT\' => \'C:/xampp/htdocs\'\n    \'REQUEST_SCHEME\' => \'http\'\n    \'CONTEXT_PREFIX\' => \'/torneos\'\n    \'CONTEXT_DOCUMENT_ROOT\' => \'C:\\\\Users\\\\raftars77\\\\Desktop\\\\Universidad\\\\Desarrollo de aplicaciones web II/daw2-2023_03_organizacion_torneos\'\n    \'SERVER_ADMIN\' => \'postmaster@localhost\'\n    \'SCRIPT_FILENAME\' => \'C:/Users/raftars77/Desktop/Universidad/Desarrollo de aplicaciones web II/daw2-2023_03_organizacion_torneos/basic/web/index.php\'\n    \'REMOTE_PORT\' => \'60489\'\n    \'GATEWAY_INTERFACE\' => \'CGI/1.1\'\n    \'SERVER_PROTOCOL\' => \'HTTP/1.1\'\n    \'REQUEST_METHOD\' => \'POST\'\n    \'QUERY_STRING\' => \'r=direccion%2Fdelete&id=4\'\n    \'REQUEST_URI\' => \'/torneos/basic/web/index.php?r=direccion%2Fdelete&id=4\'\n    \'SCRIPT_NAME\' => \'/torneos/basic/web/index.php\'\n    \'PHP_SELF\' => \'/torneos/basic/web/index.php\'\n    \'REQUEST_TIME_FLOAT\' => 1704835513.1123\n    \'REQUEST_TIME\' => 1704835513\n]');
/*!40000 ALTER TABLE `log` ENABLE KEYS */;
UNLOCK TABLES;

--
-- Table structure for table `material`
--

DROP TABLE IF EXISTS `material`;
/*!40101 SET @saved_cs_client     = @@character_set_client */;
/*!40101 SET character_set_client = utf8 */;
CREATE TABLE `material` (
  `id` bigint(20) NOT NULL AUTO_INCREMENT,
  `nombre` varchar(100) NOT NULL,
  `color` varchar(20) NOT NULL,
  `descripcion` varchar(500) DEFAULT NULL,
  PRIMARY KEY (`id`),
  UNIQUE KEY `nombre` (`nombre`)
) ENGINE=InnoDB AUTO_INCREMENT=4 DEFAULT CHARSET=utf8mb4 COLLATE=utf8mb4_general_ci;
/*!40101 SET character_set_client = @saved_cs_client */;

--
-- Dumping data for table `material`
--

LOCK TABLES `material` WRITE;
/*!40000 ALTER TABLE `material` DISABLE KEYS */;
INSERT INTO `material` VALUES (1,'Balón','Blanco y negro','Balón de fútbol'),(2,'Raqueta','Rojo','Raqueta de tenis'),(3,'Silbato','Plateado','Silbato para árbitro');
/*!40000 ALTER TABLE `material` ENABLE KEYS */;
UNLOCK TABLES;

--
-- Table structure for table `normativa`
--

DROP TABLE IF EXISTS `normativa`;
/*!40101 SET @saved_cs_client     = @@character_set_client */;
/*!40101 SET character_set_client = utf8 */;
CREATE TABLE `normativa` (
  `id` bigint(20) NOT NULL AUTO_INCREMENT,
  `nombre` varchar(250) NOT NULL,
  `descripcion` varchar(1000) DEFAULT NULL,
  `documento_id` bigint(20) NOT NULL,
  PRIMARY KEY (`id`),
  UNIQUE KEY `nombre` (`nombre`),
  KEY `documento_id` (`documento_id`),
  CONSTRAINT `normativa_ibfk_1` FOREIGN KEY (`documento_id`) REFERENCES `documento` (`id`)
) ENGINE=InnoDB AUTO_INCREMENT=4 DEFAULT CHARSET=utf8mb4 COLLATE=utf8mb4_general_ci;
/*!40101 SET character_set_client = @saved_cs_client */;

--
-- Dumping data for table `normativa`
--

LOCK TABLES `normativa` WRITE;
/*!40000 ALTER TABLE `normativa` DISABLE KEYS */;
INSERT INTO `normativa` VALUES (1,'Normativa 1','Descripción de la normativa 1',1),(2,'Normativa 2','Descripción de la normativa 2',2),(3,'Normativa 3','Descripción de la normativa 3',3);
/*!40000 ALTER TABLE `normativa` ENABLE KEYS */;
UNLOCK TABLES;

--
-- Table structure for table `participante`
--

DROP TABLE IF EXISTS `participante`;
/*!40101 SET @saved_cs_client     = @@character_set_client */;
/*!40101 SET character_set_client = utf8 */;
CREATE TABLE `participante` (
  `id` bigint(20) NOT NULL AUTO_INCREMENT,
  `fecha_nacimiento` date NOT NULL,
  `licencia` varchar(250) NOT NULL,
  `tipo_participante_id` bigint(20) NOT NULL,
  `imagen_id` bigint(20) DEFAULT NULL,
  `usuario_id` bigint(20) NOT NULL,
  PRIMARY KEY (`id`),
  UNIQUE KEY `licencia` (`licencia`),
  UNIQUE KEY `usuario_id` (`usuario_id`),
  KEY `tipo_participante_id` (`tipo_participante_id`),
  KEY `imagen_id` (`imagen_id`),
  CONSTRAINT `participante_ibfk_1` FOREIGN KEY (`tipo_participante_id`) REFERENCES `tipo_participante` (`id`),
  CONSTRAINT `participante_ibfk_2` FOREIGN KEY (`imagen_id`) REFERENCES `imagen` (`id`),
  CONSTRAINT `participante_ibfk_3` FOREIGN KEY (`usuario_id`) REFERENCES `usuario` (`id`)
) ENGINE=InnoDB AUTO_INCREMENT=4 DEFAULT CHARSET=utf8mb4 COLLATE=utf8mb4_general_ci;
/*!40101 SET character_set_client = @saved_cs_client */;

--
-- Dumping data for table `participante`
--

LOCK TABLES `participante` WRITE;
/*!40000 ALTER TABLE `participante` DISABLE KEYS */;
INSERT INTO `participante` VALUES (1,'1990-05-15','ABC123',1,NULL,1),(2,'1985-12-10','XYZ789',2,NULL,2),(3,'1995-08-22','DEF456',3,NULL,3);
/*!40000 ALTER TABLE `participante` ENABLE KEYS */;
UNLOCK TABLES;

--
-- Table structure for table `participante_documento`
--

DROP TABLE IF EXISTS `participante_documento`;
/*!40101 SET @saved_cs_client     = @@character_set_client */;
/*!40101 SET character_set_client = utf8 */;
CREATE TABLE `participante_documento` (
  `participante_id` bigint(20) NOT NULL,
  `documento_id` bigint(20) NOT NULL,
  PRIMARY KEY (`participante_id`,`documento_id`),
  KEY `documento_id` (`documento_id`),
  CONSTRAINT `participante_documento_ibfk_1` FOREIGN KEY (`participante_id`) REFERENCES `participante` (`id`),
  CONSTRAINT `participante_documento_ibfk_2` FOREIGN KEY (`documento_id`) REFERENCES `documento` (`id`)
) ENGINE=InnoDB DEFAULT CHARSET=utf8mb4 COLLATE=utf8mb4_general_ci;
/*!40101 SET character_set_client = @saved_cs_client */;

--
-- Dumping data for table `participante_documento`
--

LOCK TABLES `participante_documento` WRITE;
/*!40000 ALTER TABLE `participante_documento` DISABLE KEYS */;
INSERT INTO `participante_documento` VALUES (1,1),(2,2),(3,3);
/*!40000 ALTER TABLE `participante_documento` ENABLE KEYS */;
UNLOCK TABLES;

--
-- Table structure for table `partido`
--

DROP TABLE IF EXISTS `partido`;
/*!40101 SET @saved_cs_client     = @@character_set_client */;
/*!40101 SET character_set_client = utf8 */;
CREATE TABLE `partido` (
  `id` bigint(20) NOT NULL AUTO_INCREMENT,
  `jornada` int(11) NOT NULL,
  `fecha` timestamp NOT NULL DEFAULT current_timestamp() ON UPDATE current_timestamp(),
  `torneo_id` bigint(20) NOT NULL,
  `reserva_id` bigint(20) DEFAULT NULL,
  PRIMARY KEY (`id`),
  KEY `torneo_id` (`torneo_id`),
  KEY `partido_ibfk_2` (`reserva_id`),
  CONSTRAINT `partido_ibfk_1` FOREIGN KEY (`torneo_id`) REFERENCES `torneo` (`id`),
  CONSTRAINT `partido_ibfk_2` FOREIGN KEY (`reserva_id`) REFERENCES `reserva` (`id`)
) ENGINE=InnoDB AUTO_INCREMENT=5 DEFAULT CHARSET=utf8mb4 COLLATE=utf8mb4_general_ci;
/*!40101 SET character_set_client = @saved_cs_client */;

--
-- Dumping data for table `partido`
--

LOCK TABLES `partido` WRITE;
/*!40000 ALTER TABLE `partido` DISABLE KEYS */;
INSERT INTO `partido` VALUES (1,1,'2024-01-14 14:16:00',1,1),(2,2,'2024-01-14 14:16:35',2,2),(3,3,'2023-12-31 23:00:00',3,NULL),(4,5,'2024-01-14 23:00:00',39,1);
/*!40000 ALTER TABLE `partido` ENABLE KEYS */;
UNLOCK TABLES;

--
-- Table structure for table `partido_equipo`
--

DROP TABLE IF EXISTS `partido_equipo`;
/*!40101 SET @saved_cs_client     = @@character_set_client */;
/*!40101 SET character_set_client = utf8 */;
CREATE TABLE `partido_equipo` (
  `partido_id` bigint(20) NOT NULL,
  `equipo_id` bigint(20) NOT NULL,
  `puntos` int(11) NOT NULL COMMENT 'Puntos de ese equipo en ese partido',
  PRIMARY KEY (`partido_id`,`equipo_id`),
  KEY `equipo_id` (`equipo_id`),
  CONSTRAINT `partido_equipo_ibfk_1` FOREIGN KEY (`partido_id`) REFERENCES `partido` (`id`),
  CONSTRAINT `partido_equipo_ibfk_2` FOREIGN KEY (`equipo_id`) REFERENCES `equipo` (`id`)
) ENGINE=InnoDB DEFAULT CHARSET=utf8mb4 COLLATE=utf8mb4_general_ci;
/*!40101 SET character_set_client = @saved_cs_client */;

--
-- Dumping data for table `partido_equipo`
--

LOCK TABLES `partido_equipo` WRITE;
/*!40000 ALTER TABLE `partido_equipo` DISABLE KEYS */;
INSERT INTO `partido_equipo` VALUES (1,1,3),(1,2,1),(2,3,2);
/*!40000 ALTER TABLE `partido_equipo` ENABLE KEYS */;
UNLOCK TABLES;

--
-- Table structure for table `pista`
--

DROP TABLE IF EXISTS `pista`;
/*!40101 SET @saved_cs_client     = @@character_set_client */;
/*!40101 SET character_set_client = utf8 */;
CREATE TABLE `pista` (
  `id` bigint(20) NOT NULL AUTO_INCREMENT,
  `nombre` varchar(100) NOT NULL,
  `descripcion` varchar(100) DEFAULT NULL,
  `disciplina_id` bigint(20) NOT NULL,
  `direccion_id` bigint(20) NOT NULL,
  PRIMARY KEY (`id`),
  UNIQUE KEY `nombre` (`nombre`),
  KEY `direccion_id` (`direccion_id`),
  KEY `disciplina_id` (`disciplina_id`),
  CONSTRAINT `pista_ibfk_1` FOREIGN KEY (`direccion_id`) REFERENCES `direccion` (`id`),
  CONSTRAINT `pista_ibfk_2` FOREIGN KEY (`disciplina_id`) REFERENCES `disciplina` (`id`)
) ENGINE=InnoDB AUTO_INCREMENT=7 DEFAULT CHARSET=utf8mb4 COLLATE=utf8mb4_general_ci;
/*!40101 SET character_set_client = @saved_cs_client */;

--
-- Dumping data for table `pista`
--

LOCK TABLES `pista` WRITE;
/*!40000 ALTER TABLE `pista` DISABLE KEYS */;
INSERT INTO `pista` VALUES (1,'Pista 1','Descripción de la Pista 1',1,1),(2,'Pista 2','Descripción de la Pista 2',2,2),(3,'Pista 3','Descripción de la Pista 3',3,1),(4,'Cancha baloncesto','nueva cancha de baloncesto',2,3),(5,'Campo de fútbol 11','Campo de fútbol 11 con césped artificial y bien cuidado',1,4);
/*!40000 ALTER TABLE `pista` ENABLE KEYS */;
UNLOCK TABLES;

--
-- Table structure for table `premio`
--

DROP TABLE IF EXISTS `premio`;
/*!40101 SET @saved_cs_client     = @@character_set_client */;
/*!40101 SET character_set_client = utf8 */;
CREATE TABLE `premio` (
  `id` bigint(20) NOT NULL AUTO_INCREMENT,
  `nombre` varchar(100) NOT NULL COMMENT 'trofeo',
  `descripcion` varchar(500) DEFAULT NULL,
  `categoria_id` bigint(20) NOT NULL,
  `torneo_id` bigint(20) NOT NULL,
  `equipo_id` bigint(20) DEFAULT NULL,
  PRIMARY KEY (`id`),
  UNIQUE KEY `nombre` (`nombre`),
  KEY `categoria_id` (`categoria_id`),
  KEY `torneo_id` (`torneo_id`),
  KEY `equipo_id` (`equipo_id`),
  CONSTRAINT `premio_ibfk_1` FOREIGN KEY (`categoria_id`) REFERENCES `categoria` (`id`),
  CONSTRAINT `premio_ibfk_2` FOREIGN KEY (`torneo_id`) REFERENCES `torneo` (`id`),
  CONSTRAINT `premio_ibfk_3` FOREIGN KEY (`equipo_id`) REFERENCES `equipo` (`id`)
) ENGINE=InnoDB AUTO_INCREMENT=4 DEFAULT CHARSET=utf8mb4 COLLATE=utf8mb4_general_ci;
/*!40101 SET character_set_client = @saved_cs_client */;

--
-- Dumping data for table `premio`
--

LOCK TABLES `premio` WRITE;
/*!40000 ALTER TABLE `premio` DISABLE KEYS */;
INSERT INTO `premio` VALUES (1,'Trofeo 1','Descripción del trofeo 1',1,1,1),(2,'Trofeo 2','Descripción del trofeo 2',2,2,2),(3,'Trofeo 3','Descripción del trofeo 3',3,3,3);
/*!40000 ALTER TABLE `premio` ENABLE KEYS */;
UNLOCK TABLES;

--
-- Table structure for table `reserva`
--

DROP TABLE IF EXISTS `reserva`;
/*!40101 SET @saved_cs_client     = @@character_set_client */;
/*!40101 SET character_set_client = utf8 */;
CREATE TABLE `reserva` (
  `id` bigint(20) NOT NULL AUTO_INCREMENT,
  `fecha` date NOT NULL,
  `usuario_id` bigint(20) NOT NULL,
  PRIMARY KEY (`id`),
  KEY `usuario_id` (`usuario_id`),
  CONSTRAINT `reserva_ibfk_1` FOREIGN KEY (`usuario_id`) REFERENCES `usuario` (`id`)
) ENGINE=InnoDB AUTO_INCREMENT=7 DEFAULT CHARSET=utf8mb4 COLLATE=utf8mb4_general_ci;
/*!40101 SET character_set_client = @saved_cs_client */;

--
-- Dumping data for table `reserva`
--

LOCK TABLES `reserva` WRITE;
/*!40000 ALTER TABLE `reserva` DISABLE KEYS */;
INSERT INTO `reserva` VALUES (1,'2024-01-15',1),(2,'2024-02-20',2),(3,'2024-03-25',1),(4,'2024-01-20',1),(5,'2024-01-25',1),(6,'2024-02-10',1);
/*!40000 ALTER TABLE `reserva` ENABLE KEYS */;
UNLOCK TABLES;

--
-- Table structure for table `reserva_material`
--

DROP TABLE IF EXISTS `reserva_material`;
/*!40101 SET @saved_cs_client     = @@character_set_client */;
/*!40101 SET character_set_client = utf8 */;
CREATE TABLE `reserva_material` (
  `reserva_id` bigint(20) NOT NULL,
  `material_id` bigint(20) NOT NULL,
  PRIMARY KEY (`reserva_id`,`material_id`),
  KEY `material_id` (`material_id`),
  CONSTRAINT `reserva_material_ibfk_1` FOREIGN KEY (`reserva_id`) REFERENCES `reserva` (`id`),
  CONSTRAINT `reserva_material_ibfk_2` FOREIGN KEY (`material_id`) REFERENCES `material` (`id`)
) ENGINE=InnoDB DEFAULT CHARSET=utf8mb4 COLLATE=utf8mb4_general_ci;
/*!40101 SET character_set_client = @saved_cs_client */;

--
-- Dumping data for table `reserva_material`
--

LOCK TABLES `reserva_material` WRITE;
/*!40000 ALTER TABLE `reserva_material` DISABLE KEYS */;
INSERT INTO `reserva_material` VALUES (1,1),(2,2),(3,3);
/*!40000 ALTER TABLE `reserva_material` ENABLE KEYS */;
UNLOCK TABLES;

--
-- Table structure for table `reserva_pista`
--

DROP TABLE IF EXISTS `reserva_pista`;
/*!40101 SET @saved_cs_client     = @@character_set_client */;
/*!40101 SET character_set_client = utf8 */;
CREATE TABLE `reserva_pista` (
  `reserva_id` bigint(20) NOT NULL,
  `pista_id` bigint(20) NOT NULL,
  PRIMARY KEY (`reserva_id`,`pista_id`),
  KEY `pista_id` (`pista_id`),
  CONSTRAINT `reserva_pista_ibfk_1` FOREIGN KEY (`reserva_id`) REFERENCES `reserva` (`id`),
  CONSTRAINT `reserva_pista_ibfk_2` FOREIGN KEY (`pista_id`) REFERENCES `pista` (`id`)
) ENGINE=InnoDB DEFAULT CHARSET=utf8mb4 COLLATE=utf8mb4_general_ci;
/*!40101 SET character_set_client = @saved_cs_client */;

--
-- Dumping data for table `reserva_pista`
--

LOCK TABLES `reserva_pista` WRITE;
/*!40000 ALTER TABLE `reserva_pista` DISABLE KEYS */;
INSERT INTO `reserva_pista` VALUES (1,1),(2,1),(3,3),(4,5),(5,5),(6,5);
/*!40000 ALTER TABLE `reserva_pista` ENABLE KEYS */;
UNLOCK TABLES;

--
-- Table structure for table `tipo_participante`
--

DROP TABLE IF EXISTS `tipo_participante`;
/*!40101 SET @saved_cs_client     = @@character_set_client */;
/*!40101 SET character_set_client = utf8 */;
CREATE TABLE `tipo_participante` (
  `id` bigint(20) NOT NULL AUTO_INCREMENT,
  `nombre` varchar(100) NOT NULL,
  `descripcion` varchar(500) DEFAULT NULL,
  PRIMARY KEY (`id`),
  UNIQUE KEY `nombre` (`nombre`)
) ENGINE=InnoDB AUTO_INCREMENT=4 DEFAULT CHARSET=utf8mb4 COLLATE=utf8mb4_general_ci;
/*!40101 SET character_set_client = @saved_cs_client */;

--
-- Dumping data for table `tipo_participante`
--

LOCK TABLES `tipo_participante` WRITE;
/*!40000 ALTER TABLE `tipo_participante` DISABLE KEYS */;
INSERT INTO `tipo_participante` VALUES (1,'Jugador','Participante que juega en equipos'),(2,'Delegado de equipo','Oficial encargado del equipo'),(3,'Entrenador','Persona a cargo del entrenamiento del equipo');
/*!40000 ALTER TABLE `tipo_participante` ENABLE KEYS */;
UNLOCK TABLES;

--
-- Table structure for table `tipo_torneo`
--

DROP TABLE IF EXISTS `tipo_torneo`;
/*!40101 SET @saved_cs_client     = @@character_set_client */;
/*!40101 SET character_set_client = utf8 */;
CREATE TABLE `tipo_torneo` (
  `id` bigint(20) NOT NULL AUTO_INCREMENT,
  `nombre` varchar(100) NOT NULL,
  PRIMARY KEY (`id`),
  UNIQUE KEY `nombre` (`nombre`)
) ENGINE=InnoDB AUTO_INCREMENT=4 DEFAULT CHARSET=utf8mb4 COLLATE=utf8mb4_general_ci COMMENT='Por ej: Triangular';
/*!40101 SET character_set_client = @saved_cs_client */;

--
-- Dumping data for table `tipo_torneo`
--

LOCK TABLES `tipo_torneo` WRITE;
/*!40000 ALTER TABLE `tipo_torneo` DISABLE KEYS */;
INSERT INTO `tipo_torneo` VALUES (1,'Eliminatorias'),(2,'Liga'),(3,'Torneo amistoso');
/*!40000 ALTER TABLE `tipo_torneo` ENABLE KEYS */;
UNLOCK TABLES;

--
-- Table structure for table `torneo`
--

DROP TABLE IF EXISTS `torneo`;
/*!40101 SET @saved_cs_client     = @@character_set_client */;
/*!40101 SET character_set_client = utf8 */;
CREATE TABLE `torneo` (
  `id` bigint(20) NOT NULL AUTO_INCREMENT,
  `nombre` varchar(100) NOT NULL,
  `descripcion` varchar(1000) DEFAULT NULL,
  `participantes_max` int(11) NOT NULL,
  `disciplina_id` bigint(20) NOT NULL,
  `tipo_torneo_id` bigint(20) NOT NULL,
  `clase_id` bigint(20) NOT NULL,
  `fecha_inicio` timestamp NOT NULL DEFAULT current_timestamp() ON UPDATE current_timestamp(),
  `fecha_limite` timestamp NOT NULL DEFAULT current_timestamp(),
  `fecha_fin` timestamp NULL DEFAULT NULL,
  PRIMARY KEY (`id`),
  KEY `disciplina_id` (`disciplina_id`),
  KEY `tipo_torneo_id` (`tipo_torneo_id`),
  KEY `clase_id` (`clase_id`),
  CONSTRAINT `torneo_ibfk_1` FOREIGN KEY (`disciplina_id`) REFERENCES `disciplina` (`id`),
  CONSTRAINT `torneo_ibfk_2` FOREIGN KEY (`tipo_torneo_id`) REFERENCES `tipo_torneo` (`id`),
  CONSTRAINT `torneo_ibfk_3` FOREIGN KEY (`clase_id`) REFERENCES `clase` (`id`)
) ENGINE=InnoDB AUTO_INCREMENT=59 DEFAULT CHARSET=utf8mb4 COLLATE=utf8mb4_general_ci COMMENT='Tabla principal de torneo';
/*!40101 SET character_set_client = @saved_cs_client */;

--
-- Dumping data for table `torneo`
--

LOCK TABLES `torneo` WRITE;
/*!40000 ALTER TABLE `torneo` DISABLE KEYS */;
INSERT INTO `torneo` VALUES (1,'Torneo de Fútbol','Torneo de fútbol a nivel nacional',16,1,1,1,'2024-01-31 23:00:00','2024-01-08 23:00:00',NULL),(2,'Torneo de Baloncesto juvenial ','Torneo de baloncesto juvenil',12,2,2,2,'2024-01-10 20:33:32','2024-01-08 23:00:00',NULL),(3,'Torneo de Tenis','Torneo de tenis individual',32,3,3,3,'2023-12-31 23:00:00','2024-01-08 23:00:00',NULL),(4,'Torneo de Fútbol','Torneo de fútbol a nivel nacional',16,1,1,1,'2024-01-01 12:08:54','2024-01-09 12:08:54',NULL),(5,'Torneo de Baloncesto','Torneo de baloncesto juvenil',12,2,2,2,'2024-01-10 12:08:54','2024-01-09 12:08:54',NULL),(6,'Torneo de Tenis','Torneo de tenis individual',32,3,3,3,'2024-01-12 12:08:54','2024-01-09 12:08:54',NULL),(7,'Torneo de Fútbol','Torneo de fútbol a nivel nacional',16,1,1,1,'2024-01-10 12:08:54','2024-01-09 12:08:54',NULL),(8,'Torneo de Baloncesto','Torneo de baloncesto juvenil',12,2,2,2,'2024-01-12 12:08:54','2024-01-09 12:08:54',NULL),(9,'Torneo de Tenis','Torneo de tenis individual',32,3,3,3,'2024-01-01 12:08:54','2024-01-09 12:08:54',NULL),(10,'Torneo de Fútbol','Torneo de fútbol a nivel nacional',16,1,1,1,'2024-01-10 12:08:54','2024-01-09 12:08:54',NULL),(11,'Torneo de Baloncesto','Torneo de baloncesto juvenil',12,2,2,2,'2024-01-10 12:08:54','2024-01-09 12:08:54',NULL),(12,'Torneo de Tenis','Torneo de tenis individual',32,3,3,3,'2024-01-10 12:08:54','2024-01-09 12:08:54',NULL),(13,'Torneo de Fútbol','Torneo de fútbol a nivel nacional',16,1,1,1,'2024-01-10 12:08:54','2024-01-09 12:08:54',NULL),(14,'Torneo de Baloncesto','Torneo de baloncesto juvenil',12,2,2,2,'2024-01-10 12:08:54','2024-01-09 12:08:54',NULL),(15,'Torneo de Tenis','Torneo de tenis individual',32,3,3,3,'2024-01-10 12:08:54','2024-01-09 12:08:54',NULL),(16,'Torneo de Fútbol','Torneo de fútbol a nivel nacional',16,1,1,1,'2024-01-10 12:08:54','2024-01-09 12:08:54',NULL),(17,'Torneo de Baloncesto','Torneo de baloncesto juvenil',12,2,2,2,'2024-01-10 12:08:54','2024-01-09 12:08:54',NULL),(18,'Torneo de Tenis','Torneo de tenis individual',32,3,3,3,'2024-01-10 12:08:54','2024-01-09 12:08:54',NULL),(19,'Torneo de Fútbol','Torneo de fútbol a nivel nacional',16,1,1,1,'2024-01-10 12:08:54','2024-01-09 12:08:54',NULL),(20,'Torneo de Baloncesto','Torneo de baloncesto juvenil',12,2,2,2,'2024-01-10 12:08:54','2024-01-09 12:08:54',NULL),(21,'Torneo de Tenis','Torneo de tenis individual',32,3,3,3,'2024-01-10 12:08:54','2024-01-09 12:08:54',NULL),(22,'Torneo de Fútbol','Torneo de fútbol a nivel nacional',16,1,1,1,'2024-01-10 12:08:54','2024-01-09 12:08:54',NULL),(23,'Torneo de Baloncesto','Torneo de baloncesto juvenil',12,2,2,2,'2024-01-10 12:08:54','2024-01-09 12:08:54',NULL),(24,'Torneo de Tenis','Torneo de tenis individual',32,3,3,3,'2024-01-10 12:08:54','2024-01-09 12:08:54',NULL),(25,'Torneo de Fútbol','Torneo de fútbol a nivel nacional',16,1,1,1,'2024-01-10 12:08:54','2024-01-09 12:08:54',NULL),(26,'Torneo de Baloncesto','Torneo de baloncesto juvenil',12,2,2,2,'2024-01-10 12:08:54','2024-01-09 12:08:54',NULL),(27,'Torneo de Tenis','Torneo de tenis individual',32,3,3,3,'2024-01-10 12:08:54','2024-01-09 12:08:54',NULL),(28,'Torneo 1 dklsjaklf','Descripción 1',50,2,3,1,'2024-01-10 20:33:59','2024-01-14 23:00:00','2024-01-27 23:00:00'),(30,'Torneo 3','Descripción 3',40,3,1,2,'2024-01-09 23:00:00','2024-01-24 23:00:00','2024-01-28 23:00:00'),(31,'Torneo 4','Descripción 4',60,2,2,1,'2024-01-11 23:00:00','2024-01-21 23:00:00','2024-01-29 23:00:00'),(32,'Torneo 5','Descripción 5',45,1,3,2,'2024-01-07 23:00:00','2024-01-17 23:00:00','2024-01-25 23:00:00'),(33,'Torneo 6','Descripción 6',55,3,1,3,'2024-01-14 23:00:00','2024-01-27 23:00:00','2024-01-30 23:00:00'),(34,'Torneo 7','Descripción 7',35,2,2,1,'2024-01-19 23:00:00','2024-01-30 23:00:00','2024-01-28 23:00:00'),(35,'Torneo 8','Descripción 8',50,1,3,2,'2024-01-21 23:00:00','2024-01-29 23:00:00','2024-01-28 23:00:00'),(36,'Torneo 9','Descripción 9',70,3,1,3,'2024-01-24 23:00:00','2024-01-28 23:00:00','2024-01-29 23:00:00'),(37,'Torneo 10','Descripción 10',40,2,2,1,'2024-01-27 23:00:00','2024-01-30 23:00:00','2024-01-29 23:00:00'),(38,'Torneo 1 afjkdghssssdsdsdsdsdsdsdsdsdsdsdsdsdsdsdsdsdsdsdsdsdsdsdsdsdsdsdsd','Descripción 1',50,2,3,1,'2024-01-10 20:34:15','2024-01-14 23:00:00','2024-01-27 23:00:00'),(39,'Torneo 2','Descripción 2',30,1,2,3,'2024-01-14 23:00:00','2024-01-19 23:00:00','2024-01-30 23:00:00'),(40,'Torneo 3','Descripción 3',40,3,1,2,'2024-01-04 23:00:00','2024-01-24 23:00:00','2024-01-28 23:00:00'),(41,'Torneo 4','Descripción 4',60,2,2,1,'2024-01-06 23:00:00','2024-01-21 23:00:00','2024-01-29 23:00:00'),(42,'Torneo 5','Descripción 5',45,1,3,2,'2024-01-09 23:00:00','2024-01-17 23:00:00','2024-01-25 23:00:00'),(43,'Torneo 6','Descripción 6',55,3,1,3,'2024-01-01 23:00:00','2024-01-14 23:00:00','2024-01-27 23:00:00'),(44,'Torneo 7','Descripción 7',35,2,2,1,'2024-01-03 23:00:00','2024-01-30 23:00:00','2024-01-28 23:00:00'),(45,'Torneo 8','Descripción 8',50,1,3,2,'2024-01-05 23:00:00','2024-01-29 23:00:00','2024-01-28 23:00:00'),(46,'Torneo 9','Descripción 9',70,3,1,3,'2024-01-07 23:00:00','2024-01-28 23:00:00','2024-01-29 23:00:00'),(47,'Torneo 10','Descripción 10',40,2,2,1,'2024-01-09 23:00:00','2024-01-30 23:00:00','2024-01-29 23:00:00'),(48,'Torneo 11','Descripción 11',60,1,1,3,'2023-12-31 23:00:00','2024-01-21 23:00:00','2024-01-28 23:00:00'),(49,'Torneo 12','Descripción 12',45,3,2,2,'2024-01-02 23:00:00','2024-01-19 23:00:00','2024-01-30 23:00:00'),(50,'Torneo 13','Descripción 13',30,2,1,1,'2024-01-04 23:00:00','2024-01-24 23:00:00','2024-01-25 23:00:00'),(51,'Torneo 14','Descripción 14',25,1,3,3,'2024-01-06 23:00:00','2024-01-17 23:00:00','2024-01-27 23:00:00'),(52,'Torneo 15','Descripción 15',55,2,2,2,'2024-01-08 23:00:00','2024-01-14 23:00:00','2024-01-26 23:00:00'),(53,'Torneo Feb 1','Descripción Feb 1',40,2,1,3,'2024-02-02 23:00:00','2024-02-19 23:00:00','2024-02-27 23:00:00'),(54,'Torneo Feb 2','Descripción Feb 2',30,1,3,1,'2024-02-05 23:00:00','2024-02-14 23:00:00','2024-02-24 23:00:00'),(55,'Torneo Feb 3','Descripción Feb 3',50,3,2,2,'2024-02-08 23:00:00','2024-02-21 23:00:00','2024-02-27 23:00:00'),(56,'Torneo Feb 4','Descripción Feb 4',45,2,1,1,'2024-02-11 23:00:00','2024-02-17 23:00:00','2024-02-27 23:00:00'),(57,'Torneo Feb 5','Descripción Feb 5',35,1,2,3,'2024-02-14 23:00:00','2024-02-24 23:00:00','2024-02-27 23:00:00'),(58,'Torneo Feb 6','Descripción Feb 6',60,3,2,1,'2024-02-17 23:00:00','2024-02-24 23:00:00','2024-02-27 23:00:00');
/*!40000 ALTER TABLE `torneo` ENABLE KEYS */;
UNLOCK TABLES;

--
-- Table structure for table `torneo_categoria`
--

DROP TABLE IF EXISTS `torneo_categoria`;
/*!40101 SET @saved_cs_client     = @@character_set_client */;
/*!40101 SET character_set_client = utf8 */;
CREATE TABLE `torneo_categoria` (
  `torneo_id` bigint(20) NOT NULL,
  `categoria_id` bigint(20) NOT NULL,
  PRIMARY KEY (`torneo_id`,`categoria_id`),
  KEY `categoria_id` (`categoria_id`),
  CONSTRAINT `torneo_categoria_ibfk_1` FOREIGN KEY (`torneo_id`) REFERENCES `torneo` (`id`),
  CONSTRAINT `torneo_categoria_ibfk_2` FOREIGN KEY (`categoria_id`) REFERENCES `categoria` (`id`)
) ENGINE=InnoDB DEFAULT CHARSET=utf8mb4 COLLATE=utf8mb4_general_ci;
/*!40101 SET character_set_client = @saved_cs_client */;

--
-- Dumping data for table `torneo_categoria`
--

LOCK TABLES `torneo_categoria` WRITE;
/*!40000 ALTER TABLE `torneo_categoria` DISABLE KEYS */;
INSERT INTO `torneo_categoria` VALUES (1,1),(2,2),(3,3);
/*!40000 ALTER TABLE `torneo_categoria` ENABLE KEYS */;
UNLOCK TABLES;

--
-- Table structure for table `torneo_equipo`
--

DROP TABLE IF EXISTS `torneo_equipo`;
/*!40101 SET @saved_cs_client     = @@character_set_client */;
/*!40101 SET character_set_client = utf8 */;
CREATE TABLE `torneo_equipo` (
  `torneo_id` bigint(20) NOT NULL,
  `equipo_id` bigint(20) NOT NULL,
  PRIMARY KEY (`torneo_id`,`equipo_id`),
  KEY `equipo_id` (`equipo_id`),
  CONSTRAINT `torneo_equipo_ibfk_1` FOREIGN KEY (`torneo_id`) REFERENCES `torneo` (`id`),
  CONSTRAINT `torneo_equipo_ibfk_2` FOREIGN KEY (`equipo_id`) REFERENCES `equipo` (`id`)
) ENGINE=InnoDB DEFAULT CHARSET=utf8mb4 COLLATE=utf8mb4_general_ci;
/*!40101 SET character_set_client = @saved_cs_client */;

--
-- Dumping data for table `torneo_equipo`
--

LOCK TABLES `torneo_equipo` WRITE;
/*!40000 ALTER TABLE `torneo_equipo` DISABLE KEYS */;
INSERT INTO `torneo_equipo` VALUES (1,1),(2,2),(3,3);
/*!40000 ALTER TABLE `torneo_equipo` ENABLE KEYS */;
UNLOCK TABLES;

--
-- Table structure for table `torneo_imagen`
--

DROP TABLE IF EXISTS `torneo_imagen`;
/*!40101 SET @saved_cs_client     = @@character_set_client */;
/*!40101 SET character_set_client = utf8 */;
CREATE TABLE `torneo_imagen` (
  `torneo_id` bigint(20) NOT NULL,
  `imagen_id` bigint(20) NOT NULL,
  PRIMARY KEY (`torneo_id`,`imagen_id`),
  KEY `imagen_id` (`imagen_id`),
  CONSTRAINT `torneo_imagen_ibfk_1` FOREIGN KEY (`torneo_id`) REFERENCES `torneo` (`id`),
  CONSTRAINT `torneo_imagen_ibfk_2` FOREIGN KEY (`imagen_id`) REFERENCES `imagen` (`id`)
) ENGINE=InnoDB DEFAULT CHARSET=utf8mb4 COLLATE=utf8mb4_general_ci;
/*!40101 SET character_set_client = @saved_cs_client */;

--
-- Dumping data for table `torneo_imagen`
--

LOCK TABLES `torneo_imagen` WRITE;
/*!40000 ALTER TABLE `torneo_imagen` DISABLE KEYS */;
/*!40000 ALTER TABLE `torneo_imagen` ENABLE KEYS */;
UNLOCK TABLES;

--
-- Table structure for table `torneo_normativa`
--

DROP TABLE IF EXISTS `torneo_normativa`;
/*!40101 SET @saved_cs_client     = @@character_set_client */;
/*!40101 SET character_set_client = utf8 */;
CREATE TABLE `torneo_normativa` (
  `torneo_id` bigint(20) NOT NULL,
  `normativa_id` bigint(20) NOT NULL,
  PRIMARY KEY (`torneo_id`,`normativa_id`),
  KEY `normativa_id` (`normativa_id`),
  CONSTRAINT `torneo_normativa_ibfk_1` FOREIGN KEY (`torneo_id`) REFERENCES `torneo` (`id`),
  CONSTRAINT `torneo_normativa_ibfk_2` FOREIGN KEY (`normativa_id`) REFERENCES `normativa` (`id`)
) ENGINE=InnoDB DEFAULT CHARSET=utf8mb4 COLLATE=utf8mb4_general_ci;
/*!40101 SET character_set_client = @saved_cs_client */;

--
-- Dumping data for table `torneo_normativa`
--

LOCK TABLES `torneo_normativa` WRITE;
/*!40000 ALTER TABLE `torneo_normativa` DISABLE KEYS */;
/*!40000 ALTER TABLE `torneo_normativa` ENABLE KEYS */;
UNLOCK TABLES;

--
-- Table structure for table `usuario`
--

DROP TABLE IF EXISTS `usuario`;
/*!40101 SET @saved_cs_client     = @@character_set_client */;
/*!40101 SET character_set_client = utf8 */;
CREATE TABLE `usuario` (
  `id` bigint(20) NOT NULL AUTO_INCREMENT,
  `nombre` varchar(100) NOT NULL,
  `apellido1` varchar(100) NOT NULL,
  `apellido2` varchar(100) NOT NULL,
  `email` varchar(100) NOT NULL,
  `password` varchar(100) NOT NULL,
  PRIMARY KEY (`id`),
  UNIQUE KEY `email` (`email`)
) ENGINE=InnoDB AUTO_INCREMENT=6 DEFAULT CHARSET=utf8mb4 COLLATE=utf8mb4_general_ci;
/*!40101 SET character_set_client = @saved_cs_client */;

--
-- Dumping data for table `usuario`
--

LOCK TABLES `usuario` WRITE;
/*!40000 ALTER TABLE `usuario` DISABLE KEYS */;
INSERT INTO `usuario` VALUES (1,'Juan','Pérez','Gómez','juan@example.com','123'),(2,'María','García','López','maria@example.com','1234'),(3,'Pedro','Martínez','Sánchez','pedrito@example.com','12345'),(4,'Ana','Rodríguez','Fernández','anita@example.com','123456'),(5,'Luis','González','García','surluisito29@example.com','1234567');
/*!40000 ALTER TABLE `usuario` ENABLE KEYS */;
UNLOCK TABLES;
/*!40103 SET TIME_ZONE=@OLD_TIME_ZONE */;

/*!40101 SET SQL_MODE=@OLD_SQL_MODE */;
/*!40014 SET FOREIGN_KEY_CHECKS=@OLD_FOREIGN_KEY_CHECKS */;
/*!40014 SET UNIQUE_CHECKS=@OLD_UNIQUE_CHECKS */;
/*!40101 SET CHARACTER_SET_CLIENT=@OLD_CHARACTER_SET_CLIENT */;
/*!40101 SET CHARACTER_SET_RESULTS=@OLD_CHARACTER_SET_RESULTS */;
/*!40101 SET COLLATION_CONNECTION=@OLD_COLLATION_CONNECTION */;
/*!40111 SET SQL_NOTES=@OLD_SQL_NOTES */;

-- Dump completed on 2024-01-15  0:51:12
